schedule,family,method,n,seed,status_host,status_fused,digest_host,digest_fused,wall_ms_host,wall_ms_fused,differing_fields,equivalent
blocked_panel_local,uniform,pp,128,7,completed,completed,575c52641ec45596,575c52641ec45596,10.900228,6.190955,,True
blocked_panel_local,uniform,pp,128,20260823,completed,completed,eaf00ff21f0ad382,eaf00ff21f0ad382,10.736452,6.130189,,True
blocked_panel_local,uniform,pp,256,7,completed,completed,e49575132040c13b,e49575132040c13b,22.248695,12.901669,,True
blocked_panel_local,uniform,pp,256,20260823,completed,completed,028d0023bcab6aca,028d0023bcab6aca,20.382852,13.016519,,True
blocked_panel_local,uniform,pp,320,7,completed,completed,f9dd545864ccbc4e,f9dd545864ccbc4e,29.989669,17.286856,,True
blocked_panel_local,uniform,pp,320,20260823,completed,completed,d673e418046bed6c,d673e418046bed6c,25.548801,17.366093,,True
blocked_panel_local,uniform,pp,512,7,completed,completed,c74f7aabd86233c5,c74f7aabd86233c5,42.198348,28.834591,,True
blocked_panel_local,uniform,pp,512,20260823,completed,completed,13c379c9862f8e52,13c379c9862f8e52,41.595821,27.982235,,True
blocked_panel_local,uniform,dp,128,7,completed,completed,b17bd2afbe084c0c,b17bd2afbe084c0c,9.413968,6.189807,,True
blocked_panel_local,uniform,dp,128,20260823,completed,completed,fc2accf87d016b8e,fc2accf87d016b8e,9.603247,5.962958,,True
blocked_panel_local,uniform,dp,256,7,completed,completed,dcb0c3c8b3e83fd4,dcb0c3c8b3e83fd4,20.694654,13.626597,,True
blocked_panel_local,uniform,dp,256,20260823,completed,completed,c6b38ed2a8155e1c,c6b38ed2a8155e1c,20.650225,13.730178,,True
blocked_panel_local,uniform,dp,320,7,completed,completed,a4e27cc2f5426cbf,a4e27cc2f5426cbf,28.504994,18.210746,,True
blocked_panel_local,uniform,dp,320,20260823,completed,completed,c9267c17594c7474,c9267c17594c7474,26.356821,17.620528,,True
blocked_panel_local,uniform,dp,512,7,completed,completed,a958d26699836294,a958d26699836294,43.082882,29.533363,,True
blocked_panel_local,uniform,dp,512,20260823,completed,completed,f7849d2c4eb74d62,f7849d2c4eb74d62,42.823883,29.651849,,True
blocked_panel_local,uniform,gp,128,7,completed,completed,976ab582d0f6c00a,976ab582d0f6c00a,9.51568,5.952123,,True
blocked_panel_local,uniform,gp,128,20260823,completed,completed,80e219cde0b725ff,80e219cde0b725ff,9.851949,6.038357,,True
blocked_panel_local,uniform,gp,256,7,completed,completed,669321440bda81ed,669321440bda81ed,20.596357,13.7381,,True
blocked_panel_local,uniform,gp,256,20260823,completed,completed,cd92c84420bd9254,cd92c84420bd9254,20.315752,13.626613,,True
blocked_panel_local,uniform,gp,320,7,completed,completed,36c8cb897696ed19,36c8cb897696ed19,26.111043,17.566332,,True
blocked_panel_local,uniform,gp,320,20260823,completed,completed,9f20a3e6069e3c10,9f20a3e6069e3c10,25.898799,17.513268,,True
blocked_panel_local,uniform,gp,512,7,completed,completed,5eba49756dbc8234,5eba49756dbc8234,42.655322,29.202591,,True
blocked_panel_local,uniform,gp,512,20260823,completed,completed,87b84381fc93c096,87b84381fc93c096,43.06671,29.375065,,True
blocked_panel_local,uniform,scap,128,7,completed,completed,cff224950ce9377e,cff224950ce9377e,13.428627,5.924152,,True
blocked_panel_local,uniform,scap,128,20260823,completed,completed,3e2652ababbf9e5b,3e2652ababbf9e5b,12.067154,5.716219,,True
blocked_panel_local,uniform,scap,256,7,completed,completed,60e30eeb0131c10b,60e30eeb0131c10b,25.357392,13.49628,,True
blocked_panel_local,uniform,scap,256,20260823,completed,completed,b1b6aa5f8abbbc12,b1b6aa5f8abbbc12,25.330128,13.523166,,True
blocked_panel_local,uniform,scap,320,7,completed,completed,ee777da864f2cdfe,ee777da864f2cdfe,32.689667,17.632481,,True
blocked_panel_local,uniform,scap,320,20260823,completed,completed,f55bb0d8b18aeb75,f55bb0d8b18aeb75,33.370717,17.652718,,True
blocked_panel_local,uniform,scap,512,7,completed,completed,ef1b12476634820e,ef1b12476634820e,53.321918,29.330957,,True
blocked_panel_local,uniform,scap,512,20260823,completed,completed,adceee82453b795b,adceee82453b795b,53.797974,29.366458,,True
blocked_panel_local,uniform,rp,128,7,completed,completed,5e6a8f6fc9ebbdcf,5e6a8f6fc9ebbdcf,12.16365,5.987787,,True
blocked_panel_local,uniform,rp,128,20260823,completed,completed,75777d4746a36fde,75777d4746a36fde,12.269315,5.701143,,True
blocked_panel_local,uniform,rp,256,7,completed,completed,3eb11c0e2a8511cd,3eb11c0e2a8511cd,24.772918,14.207525,,True
blocked_panel_local,uniform,rp,256,20260823,completed,completed,09e045a35d0335d1,09e045a35d0335d1,25.433527,13.975842,,True
blocked_panel_local,uniform,rp,320,7,completed,completed,ac71210d09c017f0,ac71210d09c017f0,31.277141,18.22657,,True
blocked_panel_local,uniform,rp,320,20260823,completed,completed,209045e8133d072f,209045e8133d072f,31.966223,18.357001,,True
blocked_panel_local,uniform,rp,512,7,completed,completed,27d6b0b132644a13,27d6b0b132644a13,51.314743,30.489288,,True
blocked_panel_local,uniform,rp,512,20260823,completed,completed,e128cb4750911011,e128cb4750911011,51.187067,30.256484,,True
blocked_panel_local,uniform,cp,128,7,completed,completed,ffa754a4de15d285,ffa754a4de15d285,13.52865,5.944391,,True
blocked_panel_local,uniform,cp,128,20260823,completed,completed,1126774d92feae98,1126774d92feae98,13.660442,5.871812,,True
blocked_panel_local,uniform,cp,256,7,completed,completed,165f70179c9c637c,165f70179c9c637c,46.678171,13.511123,,True
blocked_panel_local,uniform,cp,256,20260823,completed,completed,b21ca9b52992a73d,b21ca9b52992a73d,45.851014,13.600764,,True
blocked_panel_local,uniform,cp,320,7,completed,completed,3385c546e5444d98,3385c546e5444d98,74.84114,17.583733,,True
blocked_panel_local,uniform,cp,320,20260823,completed,completed,9de14ded15816334,9de14ded15816334,73.749045,17.456663,,True
blocked_panel_local,uniform,cp,512,7,completed,completed,1bc47c0035d10647,1bc47c0035d10647,235.845683,29.361702,,True
blocked_panel_local,uniform,cp,512,20260823,completed,completed,bc4f34b30af652a8,bc4f34b30af652a8,235.661473,29.299355,,True
blocked_panel_local,uniform,scpp,128,7,completed,completed,c09d980b4070ed81,c09d980b4070ed81,9.337472,6.033688,,True
blocked_panel_local,uniform,scpp,128,20260823,completed,completed,648685fb581f06ac,648685fb581f06ac,9.275884,6.010239,,True
blocked_panel_local,uniform,scpp,256,7,completed,completed,bb695f52619ea09a,bb695f52619ea09a,19.836885,13.495945,,True
blocked_panel_local,uniform,scpp,256,20260823,completed,completed,959fc017e5370fb3,959fc017e5370fb3,20.046116,13.728244,,True
blocked_panel_local,uniform,scpp,320,7,completed,completed,2f3d46d5b403da94,2f3d46d5b403da94,25.640388,17.476448,,True
blocked_panel_local,uniform,scpp,320,20260823,completed,completed,9f7183407574c205,9f7183407574c205,25.541935,17.433069,,True
blocked_panel_local,uniform,scpp,512,7,completed,completed,85736c8a54735bcf,85736c8a54735bcf,42.059226,29.211492,,True
blocked_panel_local,uniform,scpp,512,20260823,completed,completed,a63f8c348879815a,a63f8c348879815a,41.496382,29.232344,,True
blocked_panel_local,normal,pp,128,7,completed,completed,21c818169ef18fcb,21c818169ef18fcb,9.398884,5.002082,,True
blocked_panel_local,normal,pp,128,20260823,completed,completed,76c62c3d5bcc9bdc,76c62c3d5bcc9bdc,9.316289,5.79118,,True
blocked_panel_local,normal,pp,256,7,completed,completed,ead34bd8ec1b853c,ead34bd8ec1b853c,20.186582,13.255998,,True
blocked_panel_local,normal,pp,256,20260823,completed,completed,5bd31987b32cf79c,5bd31987b32cf79c,19.987133,12.712128,,True
blocked_panel_local,normal,pp,320,7,completed,completed,307bfa594fb6f6f0,307bfa594fb6f6f0,25.690964,17.254569,,True
blocked_panel_local,normal,pp,320,20260823,completed,completed,b5d048a0745dbc0b,b5d048a0745dbc0b,25.26066,17.339207,,True
blocked_panel_local,normal,pp,512,7,completed,completed,5520b58e07d73ffc,5520b58e07d73ffc,41.707234,28.372419,,True
blocked_panel_local,normal,pp,512,20260823,completed,completed,7cbc51ac91233b24,7cbc51ac91233b24,41.444541,28.486179,,True
blocked_panel_local,normal,dp,128,7,completed,completed,5073c3e7ec833da6,5073c3e7ec833da6,9.499875,6.046691,,True
blocked_panel_local,normal,dp,128,20260823,completed,completed,bca0979d3908c283,bca0979d3908c283,9.571492,6.068735,,True
blocked_panel_local,normal,dp,256,7,completed,completed,d6ab50e254dea737,d6ab50e254dea737,20.467637,13.592719,,True
blocked_panel_local,normal,dp,256,20260823,completed,completed,8f9f265e8c56705a,8f9f265e8c56705a,20.454801,13.638265,,True
blocked_panel_local,normal,dp,320,7,completed,completed,352e0cdb955d61d1,352e0cdb955d61d1,25.883542,17.583907,,True
blocked_panel_local,normal,dp,320,20260823,completed,completed,a2c6b7df6ae0e243,a2c6b7df6ae0e243,26.192264,17.512075,,True
blocked_panel_local,normal,dp,512,7,completed,completed,04da43b79dd64b28,04da43b79dd64b28,42.741167,29.19847,,True
blocked_panel_local,normal,dp,512,20260823,completed,completed,1b365bacafd835c3,1b365bacafd835c3,42.668237,29.524947,,True
blocked_panel_local,normal,gp,128,7,completed,completed,c776202fbcb745b2,c776202fbcb745b2,9.470259,6.101583,,True
blocked_panel_local,normal,gp,128,20260823,completed,completed,34f2299ed04248c7,34f2299ed04248c7,9.666851,6.039588,,True
blocked_panel_local,normal,gp,256,7,completed,completed,b4cd2f501c184475,b4cd2f501c184475,20.421304,13.586248,,True
blocked_panel_local,normal,gp,256,20260823,completed,completed,963f2c74087bafdd,963f2c74087bafdd,20.462082,13.577324,,True
blocked_panel_local,normal,gp,320,7,completed,completed,53c87f68c4ea8ca8,53c87f68c4ea8ca8,25.912187,17.668313,,True
blocked_panel_local,normal,gp,320,20260823,completed,completed,eb484914503740aa,eb484914503740aa,25.586509,17.658696,,True
blocked_panel_local,normal,gp,512,7,completed,completed,2e26e71a232bec4b,2e26e71a232bec4b,43.061454,29.314039,,True
blocked_panel_local,normal,gp,512,20260823,completed,completed,a75cc9880a2b7a8d,a75cc9880a2b7a8d,42.596448,29.357426,,True
blocked_panel_local,normal,scap,128,7,completed,completed,3cffa14f5803c4af,3cffa14f5803c4af,12.042401,5.837473,,True
blocked_panel_local,normal,scap,128,20260823,completed,completed,6bceabe428b38abc,6bceabe428b38abc,12.125002,5.548379,,True
blocked_panel_local,normal,scap,256,7,completed,completed,a6c9481a593a8a41,a6c9481a593a8a41,25.175364,13.389966,,True
blocked_panel_local,normal,scap,256,20260823,completed,completed,376b487db9cc7b8b,376b487db9cc7b8b,25.770681,13.49582,,True
blocked_panel_local,normal,scap,320,7,completed,completed,e9a256ec42db7720,e9a256ec42db7720,32.540217,17.550014,,True
blocked_panel_local,normal,scap,320,20260823,completed,completed,11f974284f1fe272,11f974284f1fe272,32.376944,17.548011,,True
blocked_panel_local,normal,scap,512,7,completed,completed,a1710e458069005a,a1710e458069005a,53.085676,29.362128,,True
blocked_panel_local,normal,scap,512,20260823,completed,completed,8130c25f2af9edda,8130c25f2af9edda,52.531504,29.300307,,True
blocked_panel_local,normal,rp,128,7,completed,completed,3b3ec29fdbf138c2,3b3ec29fdbf138c2,11.678277,5.797543,,True
blocked_panel_local,normal,rp,128,20260823,completed,completed,79d4416077fa551f,79d4416077fa551f,13.331736,6.150223,,True
blocked_panel_local,normal,rp,256,7,completed,completed,9e91122ee3f2848d,9e91122ee3f2848d,25.232616,14.11394,,True
blocked_panel_local,normal,rp,256,20260823,completed,completed,ba947e690457208a,ba947e690457208a,24.869833,14.094444,,True
blocked_panel_local,normal,rp,320,7,completed,completed,99797cf7595d869d,99797cf7595d869d,31.343459,18.182563,,True
blocked_panel_local,normal,rp,320,20260823,completed,completed,37b2f98d82b0453c,37b2f98d82b0453c,31.763218,17.985598,,True
blocked_panel_local,normal,rp,512,7,completed,completed,7f58d93558783afc,7f58d93558783afc,51.624045,30.266493,,True
blocked_panel_local,normal,rp,512,20260823,completed,completed,6d686f958ddfab06,6d686f958ddfab06,51.457358,30.334137,,True
blocked_panel_local,normal,cp,128,7,completed,completed,f41796e8d86d1fad,f41796e8d86d1fad,13.529217,6.034336,,True
blocked_panel_local,normal,cp,128,20260823,completed,completed,f3572b10fc2d5cc7,f3572b10fc2d5cc7,13.548124,5.976514,,True
blocked_panel_local,normal,cp,256,7,completed,completed,4c563179f7e10657,4c563179f7e10657,46.143248,13.540222,,True
blocked_panel_local,normal,cp,256,20260823,completed,completed,138eceb3c41bba26,138eceb3c41bba26,46.270309,13.529473,,True
blocked_panel_local,normal,cp,320,7,completed,completed,ea545db1e47f31c2,ea545db1e47f31c2,74.430929,17.427747,,True
blocked_panel_local,normal,cp,320,20260823,completed,completed,aa511e252df8c7a7,aa511e252df8c7a7,74.307856,17.601313,,True
blocked_panel_local,normal,cp,512,7,completed,completed,6379e4c7b97400db,6379e4c7b97400db,235.629661,29.551105,,True
blocked_panel_local,normal,cp,512,20260823,completed,completed,bc4b65f94003a855,bc4b65f94003a855,234.749252,29.435869,,True
blocked_panel_local,normal,scpp,128,7,completed,completed,3985fdc69ce8d5c5,3985fdc69ce8d5c5,9.238415,6.026095,,True
blocked_panel_local,normal,scpp,128,20260823,completed,completed,8ee9cef44968790e,8ee9cef44968790e,9.418966,6.010628,,True
blocked_panel_local,normal,scpp,256,7,completed,completed,761635bf40e38c02,761635bf40e38c02,20.117746,13.50348,,True
blocked_panel_local,normal,scpp,256,20260823,completed,completed,ff95c04286ff98a9,ff95c04286ff98a9,20.112303,13.468273,,True
blocked_panel_local,normal,scpp,320,7,completed,completed,dd5834a98c02f8c9,dd5834a98c02f8c9,25.496826,17.489624,,True
blocked_panel_local,normal,scpp,320,20260823,completed,completed,02e388c522fe52fe,02e388c522fe52fe,25.180563,17.454493,,True
blocked_panel_local,normal,scpp,512,7,completed,completed,fcf8767abb774e4f,fcf8767abb774e4f,41.757608,29.230882,,True
blocked_panel_local,normal,scpp,512,20260823,completed,completed,b49750e4134f1531,b49750e4134f1531,41.707859,29.357614,,True
blocked_panel_local,graded,pp,128,7,completed,completed,eecd161eeb681e02,eecd161eeb681e02,9.222915,5.179751,,True
blocked_panel_local,graded,pp,128,20260823,completed,completed,106f8f7e64d22305,106f8f7e64d22305,9.191765,5.088861,,True
blocked_panel_local,graded,pp,256,7,completed,completed,ea604e80c45ecae7,ea604e80c45ecae7,19.982686,13.072364,,True
blocked_panel_local,graded,pp,256,20260823,completed,completed,8e5c963356863bce,8e5c963356863bce,19.802285,12.951517,,True
blocked_panel_local,graded,pp,320,7,completed,completed,73012e970877341b,73012e970877341b,25.455236,17.255397,,True
blocked_panel_local,graded,pp,320,20260823,completed,completed,5cec7edac205c4da,5cec7edac205c4da,25.334626,17.208114,,True
blocked_panel_local,graded,pp,512,7,completed,completed,4530cc5f38228763,4530cc5f38228763,41.893494,28.986992,,True
blocked_panel_local,graded,pp,512,20260823,completed,completed,5bbc1720205dc58c,5bbc1720205dc58c,41.840177,28.423752,,True
blocked_panel_local,graded,dp,128,7,completed,completed,dac2a863fd39c44d,dac2a863fd39c44d,9.37828,5.993221,,True
blocked_panel_local,graded,dp,128,20260823,completed,completed,c4757c3702d2ea49,c4757c3702d2ea49,9.596199,5.999629,,True
blocked_panel_local,graded,dp,256,7,completed,completed,0f8dd8f84a0b8e5c,0f8dd8f84a0b8e5c,20.406704,13.486187,,True
blocked_panel_local,graded,dp,256,20260823,completed,completed,72cf7b51a64164d4,72cf7b51a64164d4,20.708424,13.509453,,True
blocked_panel_local,graded,dp,320,7,completed,completed,49072f5983a43ea8,49072f5983a43ea8,27.742928,17.545306,,True
blocked_panel_local,graded,dp,320,20260823,completed,completed,1e3a5caf2d4a1125,1e3a5caf2d4a1125,25.905145,17.485161,,True
blocked_panel_local,graded,dp,512,7,completed,completed,c0abaacab645fcf6,c0abaacab645fcf6,42.564073,29.248451,,True
blocked_panel_local,graded,dp,512,20260823,completed,completed,96dd8f4a18a57302,96dd8f4a18a57302,43.102835,29.205902,,True
blocked_panel_local,graded,gp,128,7,completed,completed,125bd3945554b7db,125bd3945554b7db,9.401376,6.015834,,True
blocked_panel_local,graded,gp,128,20260823,completed,completed,d24e1689c3fa1692,d24e1689c3fa1692,9.462756,5.975434,,True
blocked_panel_local,graded,gp,256,7,completed,completed,368100a6da91ae63,368100a6da91ae63,20.493009,13.589666,,True
blocked_panel_local,graded,gp,256,20260823,completed,completed,90a4e099e3232f23,90a4e099e3232f23,20.613847,13.749205,,True
blocked_panel_local,graded,gp,320,7,completed,completed,cea239da726caccb,cea239da726caccb,26.138578,17.501957,,True
blocked_panel_local,graded,gp,320,20260823,completed,completed,277773a36d96287a,277773a36d96287a,26.083546,17.652212,,True
blocked_panel_local,graded,gp,512,7,completed,completed,e3dac57bac2fc7cc,e3dac57bac2fc7cc,43.215733,29.474339,,True
blocked_panel_local,graded,gp,512,20260823,completed,completed,0f3912033ffb324d,0f3912033ffb324d,42.445279,29.839024,,True
blocked_panel_local,graded,scap,128,7,completed,completed,8e6f946afd1b3b36,8e6f946afd1b3b36,12.059835,5.810682,,True
blocked_panel_local,graded,scap,128,20260823,completed,completed,98f2a3968a3dd0ec,98f2a3968a3dd0ec,12.052233,5.857368,,True
blocked_panel_local,graded,scap,256,7,completed,completed,5d19d5d521e1dea2,5d19d5d521e1dea2,26.164554,13.444152,,True
blocked_panel_local,graded,scap,256,20260823,completed,completed,750b36d215582fd7,750b36d215582fd7,25.566471,13.55497,,True
blocked_panel_local,graded,scap,320,7,completed,completed,c2492bc780bd933a,c2492bc780bd933a,32.794296,17.510278,,True
blocked_panel_local,graded,scap,320,20260823,completed,completed,3a275385b7665423,3a275385b7665423,33.549365,17.497595,,True
blocked_panel_local,graded,scap,512,7,completed,completed,ffa3e8a949944614,ffa3e8a949944614,53.674852,29.181903,,True
blocked_panel_local,graded,scap,512,20260823,completed,completed,b1abc009ffa7e947,b1abc009ffa7e947,53.418122,29.365889,,True
blocked_panel_local,graded,rp,128,7,completed,completed,4e203bc4bbabd8ef,4e203bc4bbabd8ef,12.517957,5.99269,,True
blocked_panel_local,graded,rp,128,20260823,completed,completed,fb3ff7e1be4ab9de,fb3ff7e1be4ab9de,12.457982,6.034063,,True
blocked_panel_local,graded,rp,256,7,completed,completed,208502aa115771b2,208502aa115771b2,25.954716,13.999463,,True
blocked_panel_local,graded,rp,256,20260823,completed,completed,76e6d004895bae9e,76e6d004895bae9e,26.410746,14.139909,,True
blocked_panel_local,graded,rp,320,7,completed,completed,0633d7a39033d2bc,0633d7a39033d2bc,33.380109,18.311678,,True
blocked_panel_local,graded,rp,320,20260823,completed,completed,1d9a6b59dfd6b278,1d9a6b59dfd6b278,33.137401,18.155822,,True
blocked_panel_local,graded,rp,512,7,completed,completed,bb1ab59138e4e706,bb1ab59138e4e706,54.214333,30.808787,,True
blocked_panel_local,graded,rp,512,20260823,completed,completed,deea529a5ec753f3,deea529a5ec753f3,54.491977,30.417813,,True
blocked_panel_local,graded,cp,128,7,completed,completed,c8ee18bd9dbeda1a,c8ee18bd9dbeda1a,13.587843,6.036307,,True
blocked_panel_local,graded,cp,128,20260823,completed,completed,768e37fbd582a2ab,768e37fbd582a2ab,13.612194,5.950657,,True
blocked_panel_local,graded,cp,256,7,completed,completed,f77f5bdf399cb0cd,f77f5bdf399cb0cd,45.790009,13.648068,,True
blocked_panel_local,graded,cp,256,20260823,completed,completed,2e7469c81ee154a2,2e7469c81ee154a2,46.045342,13.654371,,True
blocked_panel_local,graded,cp,320,7,completed,completed,f08820320843a5c6,f08820320843a5c6,75.294903,17.51322,,True
blocked_panel_local,graded,cp,320,20260823,completed,completed,280c1aa26360df81,280c1aa26360df81,74.676552,17.511362,,True
blocked_panel_local,graded,cp,512,7,completed,completed,450939ef30b6f9b1,450939ef30b6f9b1,235.018417,29.320935,,True
blocked_panel_local,graded,cp,512,20260823,completed,completed,295955b5884b0bae,295955b5884b0bae,235.823444,29.47786,,True
blocked_panel_local,graded,scpp,128,7,completed,completed,da5b0cf9eb565726,da5b0cf9eb565726,9.502316,6.087043,,True
blocked_panel_local,graded,scpp,128,20260823,completed,completed,7c1cd220f29b6569,7c1cd220f29b6569,9.459882,6.012434,,True
blocked_panel_local,graded,scpp,256,7,completed,completed,6430f3f745e527e2,6430f3f745e527e2,20.318171,13.715743,,True
blocked_panel_local,graded,scpp,256,20260823,completed,completed,c2865f316fc66f4f,c2865f316fc66f4f,19.865834,13.539064,,True
blocked_panel_local,graded,scpp,320,7,completed,completed,9384c65e28fdd193,9384c65e28fdd193,25.341667,17.496755,,True
blocked_panel_local,graded,scpp,320,20260823,completed,completed,d51be49c6329efc8,d51be49c6329efc8,25.730457,17.354057,,True
blocked_panel_local,graded,scpp,512,7,completed,completed,325aa03389db2101,325aa03389db2101,42.340439,29.252012,,True
blocked_panel_local,graded,scpp,512,20260823,completed,completed,555c79628303cd9b,555c79628303cd9b,43.83914,29.396693,,True
blocked_panel_local,wilkinson,pp,128,7,nonfinite_factorization,nonfinite_factorization,b60c45e34de41d83,b60c45e34de41d83,4.039857,2.301042,,True
blocked_panel_local,wilkinson,pp,128,20260823,nonfinite_factorization,nonfinite_factorization,b60c45e34de41d83,b60c45e34de41d83,4.001312,2.402666,,True
blocked_panel_local,wilkinson,pp,256,7,nonfinite_factorization,nonfinite_factorization,b60c45e34de41d83,b60c45e34de41d83,4.039618,2.800396,,True
blocked_panel_local,wilkinson,pp,256,20260823,nonfinite_factorization,nonfinite_factorization,b60c45e34de41d83,b60c45e34de41d83,4.065024,2.784549,,True
blocked_panel_local,wilkinson,pp,320,7,nonfinite_factorization,nonfinite_factorization,b60c45e34de41d83,b60c45e34de41d83,4.076356,3.221958,,True
blocked_panel_local,wilkinson,pp,320,20260823,nonfinite_factorization,nonfinite_factorization,b60c45e34de41d83,b60c45e34de41d83,4.088625,2.773183,,True
blocked_panel_local,wilkinson,pp,512,7,nonfinite_factorization,nonfinite_factorization,b60c45e34de41d83,b60c45e34de41d83,4.304563,2.844891,,True
blocked_panel_local,wilkinson,pp,512,20260823,nonfinite_factorization,nonfinite_factorization,b60c45e34de41d83,b60c45e34de41d83,4.228523,2.843549,,True
blocked_panel_local,wilkinson,dp,128,7,nonfinite_factorization,nonfinite_factorization,b60c45e34de41d83,b60c45e34de41d83,7.39862,2.885472,,True
blocked_panel_local,wilkinson,dp,128,20260823,nonfinite_factorization,nonfinite_factorization,b60c45e34de41d83,b60c45e34de41d83,7.227323,2.895853,,True
blocked_panel_local,wilkinson,dp,256,7,nonfinite_factorization,nonfinite_factorization,b60c45e34de41d83,b60c45e34de41d83,7.506768,3.290913,,True
blocked_panel_local,wilkinson,dp,256,20260823,nonfinite_factorization,nonfinite_factorization,b60c45e34de41d83,b60c45e34de41d83,7.730531,3.553475,,True
blocked_panel_local,wilkinson,dp,320,7,nonfinite_factorization,nonfinite_factorization,b60c45e34de41d83,b60c45e34de41d83,7.705727,3.427655,,True
blocked_panel_local,wilkinson,dp,320,20260823,nonfinite_factorization,nonfinite_factorization,b60c45e34de41d83,b60c45e34de41d83,7.754132,3.359113,,True
blocked_panel_local,wilkinson,dp,512,7,nonfinite_factorization,nonfinite_factorization,b60c45e34de41d83,b60c45e34de41d83,8.219431,3.408627,,True
blocked_panel_local,wilkinson,dp,512,20260823,nonfinite_factorization,nonfinite_factorization,b60c45e34de41d83,b60c45e34de41d83,8.376349,3.490847,,True
blocked_panel_local,wilkinson,gp,128,7,nonfinite_factorization,nonfinite_factorization,b60c45e34de41d83,b60c45e34de41d83,5.106676,2.905031,,True
blocked_panel_local,wilkinson,gp,128,20260823,nonfinite_factorization,nonfinite_factorization,b60c45e34de41d83,b60c45e34de41d83,4.997264,2.971806,,True
blocked_panel_local,wilkinson,gp,256,7,nonfinite_factorization,nonfinite_factorization,b60c45e34de41d83,b60c45e34de41d83,5.908294,3.332219,,True
blocked_panel_local,wilkinson,gp,256,20260823,nonfinite_factorization,nonfinite_factorization,b60c45e34de41d83,b60c45e34de41d83,5.181698,3.28686,,True
blocked_panel_local,wilkinson,gp,320,7,nonfinite_factorization,nonfinite_factorization,b60c45e34de41d83,b60c45e34de41d83,5.180179,3.335951,,True
blocked_panel_local,wilkinson,gp,320,20260823,nonfinite_factorization,nonfinite_factorization,b60c45e34de41d83,b60c45e34de41d83,5.196986,3.344838,,True
blocked_panel_local,wilkinson,gp,512,7,nonfinite_factorization,nonfinite_factorization,b60c45e34de41d83,b60c45e34de41d83,5.409412,3.413697,,True
blocked_panel_local,wilkinson,gp,512,20260823,nonfinite_factorization,nonfinite_factorization,b60c45e34de41d83,b60c45e34de41d83,5.277881,3.456054,,True
blocked_panel_local,wilkinson,scap,128,7,nonfinite_factorization,nonfinite_factorization,b60c45e34de41d83,b60c45e34de41d83,5.148801,2.387151,,True
blocked_panel_local,wilkinson,scap,128,20260823,nonfinite_factorization,nonfinite_factorization,b60c45e34de41d83,b60c45e34de41d83,5.067128,2.36374,,True
blocked_panel_local,wilkinson,scap,256,7,nonfinite_factorization,nonfinite_factorization,b60c45e34de41d83,b60c45e34de41d83,5.209556,3.082666,,True
blocked_panel_local,wilkinson,scap,256,20260823,nonfinite_factorization,nonfinite_factorization,b60c45e34de41d83,b60c45e34de41d83,5.21463,2.846011,,True
blocked_panel_local,wilkinson,scap,320,7,nonfinite_factorization,nonfinite_factorization,b60c45e34de41d83,b60c45e34de41d83,5.427086,2.806456,,True
blocked_panel_local,wilkinson,scap,320,20260823,nonfinite_factorization,nonfinite_factorization,b60c45e34de41d83,b60c45e34de41d83,5.234684,2.80545,,True
blocked_panel_local,wilkinson,scap,512,7,nonfinite_factorization,nonfinite_factorization,b60c45e34de41d83,b60c45e34de41d83,5.413991,2.924827,,True
blocked_panel_local,wilkinson,scap,512,20260823,nonfinite_factorization,nonfinite_factorization,b60c45e34de41d83,b60c45e34de41d83,5.472077,2.872199,,True
blocked_panel_local,wilkinson,rp,128,7,nonfinite_factorization,nonfinite_factorization,b60c45e34de41d83,b60c45e34de41d83,4.589199,2.51464,,True
blocked_panel_local,wilkinson,rp,128,20260823,nonfinite_factorization,nonfinite_factorization,b60c45e34de41d83,b60c45e34de41d83,4.455796,2.494353,,True
blocked_panel_local,wilkinson,rp,256,7,nonfinite_factorization,nonfinite_factorization,b60c45e34de41d83,b60c45e34de41d83,4.671216,2.910291,,True
blocked_panel_local,wilkinson,rp,256,20260823,nonfinite_factorization,nonfinite_factorization,b60c45e34de41d83,b60c45e34de41d83,4.620255,3.029256,,True
blocked_panel_local,wilkinson,rp,320,7,nonfinite_factorization,nonfinite_factorization,b60c45e34de41d83,b60c45e34de41d83,4.776827,2.985358,,True
blocked_panel_local,wilkinson,rp,320,20260823,nonfinite_factorization,nonfinite_factorization,b60c45e34de41d83,b60c45e34de41d83,4.64135,2.986212,,True
blocked_panel_local,wilkinson,rp,512,7,nonfinite_factorization,nonfinite_factorization,b60c45e34de41d83,b60c45e34de41d83,4.790007,3.064848,,True
blocked_panel_local,wilkinson,rp,512,20260823,nonfinite_factorization,nonfinite_factorization,b60c45e34de41d83,b60c45e34de41d83,4.876082,3.019293,,True
blocked_panel_local,wilkinson,cp,128,7,nonfinite_factorization,nonfinite_factorization,b60c45e34de41d83,b60c45e34de41d83,5.78347,2.454371,,True
blocked_panel_local,wilkinson,cp,128,20260823,nonfinite_factorization,nonfinite_factorization,b60c45e34de41d83,b60c45e34de41d83,5.887578,2.521079,,True
blocked_panel_local,wilkinson,cp,256,7,nonfinite_factorization,nonfinite_factorization,b60c45e34de41d83,b60c45e34de41d83,10.876507,2.83176,,True
blocked_panel_local,wilkinson,cp,256,20260823,nonfinite_factorization,nonfinite_factorization,b60c45e34de41d83,b60c45e34de41d83,10.618844,2.892948,,True
blocked_panel_local,wilkinson,cp,320,7,nonfinite_factorization,nonfinite_factorization,b60c45e34de41d83,b60c45e34de41d83,14.172393,2.984002,,True
blocked_panel_local,wilkinson,cp,320,20260823,nonfinite_factorization,nonfinite_factorization,b60c45e34de41d83,b60c45e34de41d83,14.221916,2.988861,,True
blocked_panel_local,wilkinson,cp,512,7,nonfinite_factorization,nonfinite_factorization,b60c45e34de41d83,b60c45e34de41d83,29.188798,2.925569,,True
blocked_panel_local,wilkinson,cp,512,20260823,nonfinite_factorization,nonfinite_factorization,b60c45e34de41d83,b60c45e34de41d83,29.356738,2.978631,,True
blocked_panel_local,wilkinson,scpp,128,7,nonfinite_factorization,nonfinite_factorization,b60c45e34de41d83,b60c45e34de41d83,4.082458,2.772741,,True
blocked_panel_local,wilkinson,scpp,128,20260823,nonfinite_factorization,nonfinite_factorization,b60c45e34de41d83,b60c45e34de41d83,3.911239,2.533067,,True
blocked_panel_local,wilkinson,scpp,256,7,nonfinite_factorization,nonfinite_factorization,b60c45e34de41d83,b60c45e34de41d83,4.104648,3.130272,,True
blocked_panel_local,wilkinson,scpp,256,20260823,nonfinite_factorization,nonfinite_factorization,b60c45e34de41d83,b60c45e34de41d83,4.029144,3.172184,,True
blocked_panel_local,wilkinson,scpp,320,7,nonfinite_factorization,nonfinite_factorization,b60c45e34de41d83,b60c45e34de41d83,4.128466,3.345471,,True
blocked_panel_local,wilkinson,scpp,320,20260823,nonfinite_factorization,nonfinite_factorization,b60c45e34de41d83,b60c45e34de41d83,4.762992,3.34303,,True
blocked_panel_local,wilkinson,scpp,512,7,nonfinite_factorization,nonfinite_factorization,b60c45e34de41d83,b60c45e34de41d83,4.293011,3.399491,,True
blocked_panel_local,wilkinson,scpp,512,20260823,nonfinite_factorization,nonfinite_factorization,b60c45e34de41d83,b60c45e34de41d83,4.311666,3.365242,,True
blocked_panel_local,dp_equality,pp,128,7,completed,completed,343307aaf1024793,343307aaf1024793,8.39884,4.939691,,True
blocked_panel_local,dp_equality,pp,128,20260823,completed,completed,343307aaf1024793,343307aaf1024793,8.340463,4.886943,,True
blocked_panel_local,dp_equality,pp,256,7,completed,completed,b63aba409a08a793,b63aba409a08a793,17.716008,11.348186,,True
blocked_panel_local,dp_equality,pp,256,20260823,completed,completed,b63aba409a08a793,b63aba409a08a793,17.854052,11.31327,,True
blocked_panel_local,dp_equality,pp,320,7,completed,completed,adb78ed6998ce443,adb78ed6998ce443,22.575522,14.917973,,True
blocked_panel_local,dp_equality,pp,320,20260823,completed,completed,adb78ed6998ce443,adb78ed6998ce443,22.851774,14.741759,,True
blocked_panel_local,dp_equality,pp,512,7,completed,completed,5dbfc9d12a8c4fc3,5dbfc9d12a8c4fc3,37.071894,25.001033,,True
blocked_panel_local,dp_equality,pp,512,20260823,completed,completed,5dbfc9d12a8c4fc3,5dbfc9d12a8c4fc3,37.207182,24.817719,,True
blocked_panel_local,dp_equality,dp,128,7,completed,completed,16711e3353d6dc42,16711e3353d6dc42,8.45735,5.835135,,True
blocked_panel_local,dp_equality,dp,128,20260823,completed,completed,16711e3353d6dc42,16711e3353d6dc42,8.338697,5.643458,,True
blocked_panel_local,dp_equality,dp,256,7,completed,completed,22680bbb158ceb42,22680bbb158ceb42,17.873901,13.141119,,True
blocked_panel_local,dp_equality,dp,256,20260823,completed,completed,22680bbb158ceb42,22680bbb158ceb42,18.088801,12.90817,,True
blocked_panel_local,dp_equality,dp,320,7,completed,completed,3e33200711ff4992,3e33200711ff4992,22.923287,17.2358,,True
blocked_panel_local,dp_equality,dp,320,20260823,completed,completed,3e33200711ff4992,3e33200711ff4992,22.682695,17.029014,,True
blocked_panel_local,dp_equality,dp,512,7,completed,completed,ef29d69cb3a42f12,ef29d69cb3a42f12,37.509358,28.321753,,True
blocked_panel_local,dp_equality,dp,512,20260823,completed,completed,ef29d69cb3a42f12,ef29d69cb3a42f12,37.512355,28.098982,,True
blocked_panel_local,dp_equality,gp,128,7,completed,completed,fb36ea599535c0b2,fb36ea599535c0b2,8.329557,5.373668,,True
blocked_panel_local,dp_equality,gp,128,20260823,completed,completed,fb36ea599535c0b2,fb36ea599535c0b2,8.369907,5.384926,,True
blocked_panel_local,dp_equality,gp,256,7,completed,completed,05583b50700041b2,05583b50700041b2,17.870162,12.618324,,True
blocked_panel_local,dp_equality,gp,256,20260823,completed,completed,05583b50700041b2,05583b50700041b2,18.155092,12.953375,,True
blocked_panel_local,dp_equality,gp,320,7,completed,completed,cf877083a3fda482,cf877083a3fda482,22.840623,16.949763,,True
blocked_panel_local,dp_equality,gp,320,20260823,completed,completed,cf877083a3fda482,cf877083a3fda482,22.700143,17.03664,,True
blocked_panel_local,dp_equality,gp,512,7,completed,completed,53f6fb7f08c7e782,53f6fb7f08c7e782,37.412208,27.838756,,True
blocked_panel_local,dp_equality,gp,512,20260823,completed,completed,53f6fb7f08c7e782,53f6fb7f08c7e782,37.585116,28.310215,,True
blocked_panel_local,dp_equality,scap,128,7,completed,completed,343307aaf1024793,343307aaf1024793,10.615503,4.99929,,True
blocked_panel_local,dp_equality,scap,128,20260823,completed,completed,343307aaf1024793,343307aaf1024793,10.492887,5.057492,,True
blocked_panel_local,dp_equality,scap,256,7,completed,completed,b63aba409a08a793,b63aba409a08a793,22.240597,11.511363,,True
blocked_panel_local,dp_equality,scap,256,20260823,completed,completed,b63aba409a08a793,b63aba409a08a793,22.042324,11.380911,,True
blocked_panel_local,dp_equality,scap,320,7,completed,completed,adb78ed6998ce443,adb78ed6998ce443,28.115825,15.183138,,True
blocked_panel_local,dp_equality,scap,320,20260823,completed,completed,adb78ed6998ce443,adb78ed6998ce443,28.214384,15.067501,,True
blocked_panel_local,dp_equality,scap,512,7,completed,completed,5dbfc9d12a8c4fc3,5dbfc9d12a8c4fc3,46.714545,25.341984,,True
blocked_panel_local,dp_equality,scap,512,20260823,completed,completed,5dbfc9d12a8c4fc3,5dbfc9d12a8c4fc3,46.560989,25.359178,,True
blocked_panel_local,dp_equality,rp,128,7,completed,completed,16711e3353d6dc42,16711e3353d6dc42,9.401608,5.216919,,True
blocked_panel_local,dp_equality,rp,128,20260823,completed,completed,16711e3353d6dc42,16711e3353d6dc42,9.37048,5.380518,,True
blocked_panel_local,dp_equality,rp,256,7,completed,completed,22680bbb158ceb42,22680bbb158ceb42,19.921806,12.10751,,True
blocked_panel_local,dp_equality,rp,256,20260823,completed,completed,22680bbb158ceb42,22680bbb158ceb42,20.137563,12.164667,,True
blocked_panel_local,dp_equality,rp,320,7,completed,completed,3e33200711ff4992,3e33200711ff4992,25.159178,15.685355,,True
blocked_panel_local,dp_equality,rp,320,20260823,completed,completed,3e33200711ff4992,3e33200711ff4992,25.357591,15.654542,,True
blocked_panel_local,dp_equality,rp,512,7,completed,completed,ef29d69cb3a42f12,ef29d69cb3a42f12,41.265563,25.925357,,True
blocked_panel_local,dp_equality,rp,512,20260823,completed,completed,ef29d69cb3a42f12,ef29d69cb3a42f12,41.19789,26.162143,,True
blocked_panel_local,dp_equality,cp,128,7,completed,completed,44d8901be38e1742,44d8901be38e1742,12.630106,5.538918,,True
blocked_panel_local,dp_equality,cp,128,20260823,completed,completed,44d8901be38e1742,44d8901be38e1742,12.811087,5.663432,,True
blocked_panel_local,dp_equality,cp,256,7,completed,completed,ed65a007c4f42642,ed65a007c4f42642,42.96731,12.66769,,True
blocked_panel_local,dp_equality,cp,256,20260823,completed,completed,ed65a007c4f42642,ed65a007c4f42642,43.340962,12.26674,,True
blocked_panel_local,dp_equality,cp,320,7,completed,completed,c3bdb94bf13e8492,c3bdb94bf13e8492,70.77107,16.349044,,True
blocked_panel_local,dp_equality,cp,320,20260823,completed,completed,c3bdb94bf13e8492,c3bdb94bf13e8492,70.686138,16.194401,,True
blocked_panel_local,dp_equality,cp,512,7,completed,completed,d406d5e2a26b6a12,d406d5e2a26b6a12,228.710942,26.718798,,True
blocked_panel_local,dp_equality,cp,512,20260823,completed,completed,d406d5e2a26b6a12,d406d5e2a26b6a12,228.03856,26.609601,,True
blocked_panel_local,dp_equality,scpp,128,7,completed,completed,fb36ea599535c0b2,fb36ea599535c0b2,8.354492,6.005067,,True
blocked_panel_local,dp_equality,scpp,128,20260823,completed,completed,fb36ea599535c0b2,fb36ea599535c0b2,8.350156,6.054711,,True
blocked_panel_local,dp_equality,scpp,256,7,completed,completed,05583b50700041b2,05583b50700041b2,18.034717,13.556613,,True
blocked_panel_local,dp_equality,scpp,256,20260823,completed,completed,05583b50700041b2,05583b50700041b2,17.845238,13.500048,,True
blocked_panel_local,dp_equality,scpp,320,7,completed,completed,cf877083a3fda482,cf877083a3fda482,22.842366,17.610608,,True
blocked_panel_local,dp_equality,scpp,320,20260823,completed,completed,cf877083a3fda482,cf877083a3fda482,22.524771,17.454457,,True
blocked_panel_local,dp_equality,scpp,512,7,completed,completed,53f6fb7f08c7e782,53f6fb7f08c7e782,37.362778,29.28271,,True
blocked_panel_local,dp_equality,scpp,512,20260823,completed,completed,53f6fb7f08c7e782,53f6fb7f08c7e782,37.357017,29.474665,,True
blocked_panel_local,scap_last,pp,128,7,completed,completed,343307aaf1024793,343307aaf1024793,8.519292,4.907182,,True
blocked_panel_local,scap_last,pp,128,20260823,completed,completed,343307aaf1024793,343307aaf1024793,8.302016,5.663251,,True
blocked_panel_local,scap_last,pp,256,7,completed,completed,b63aba409a08a793,b63aba409a08a793,17.714363,11.375873,,True
blocked_panel_local,scap_last,pp,256,20260823,completed,completed,b63aba409a08a793,b63aba409a08a793,17.818278,11.355004,,True
blocked_panel_local,scap_last,pp,320,7,completed,completed,adb78ed6998ce443,adb78ed6998ce443,22.537726,14.653062,,True
blocked_panel_local,scap_last,pp,320,20260823,completed,completed,adb78ed6998ce443,adb78ed6998ce443,22.577421,14.629694,,True
blocked_panel_local,scap_last,pp,512,7,completed,completed,5dbfc9d12a8c4fc3,5dbfc9d12a8c4fc3,37.203795,24.879782,,True
blocked_panel_local,scap_last,pp,512,20260823,completed,completed,5dbfc9d12a8c4fc3,5dbfc9d12a8c4fc3,37.651236,24.991244,,True
blocked_panel_local,scap_last,dp,128,7,completed,completed,343307aaf1024793,343307aaf1024793,8.319186,5.456371,,True
blocked_panel_local,scap_last,dp,128,20260823,completed,completed,343307aaf1024793,343307aaf1024793,8.491748,5.616509,,True
blocked_panel_local,scap_last,dp,256,7,completed,completed,b63aba409a08a793,b63aba409a08a793,18.023319,13.122224,,True
blocked_panel_local,scap_last,dp,256,20260823,completed,completed,b63aba409a08a793,b63aba409a08a793,17.804998,13.107795,,True
blocked_panel_local,scap_last,dp,320,7,completed,completed,adb78ed6998ce443,adb78ed6998ce443,22.620346,17.203395,,True
blocked_panel_local,scap_last,dp,320,20260823,completed,completed,adb78ed6998ce443,adb78ed6998ce443,22.593279,16.859379,,True
blocked_panel_local,scap_last,dp,512,7,completed,completed,5dbfc9d12a8c4fc3,5dbfc9d12a8c4fc3,37.372949,28.428728,,True
blocked_panel_local,scap_last,dp,512,20260823,completed,completed,5dbfc9d12a8c4fc3,5dbfc9d12a8c4fc3,37.528709,27.666017,,True
blocked_panel_local,scap_last,gp,128,7,completed,completed,343307aaf1024793,343307aaf1024793,8.393891,5.522127,,True
blocked_panel_local,scap_last,gp,128,20260823,completed,completed,343307aaf1024793,343307aaf1024793,8.287056,5.40659,,True
blocked_panel_local,scap_last,gp,256,7,completed,completed,b63aba409a08a793,b63aba409a08a793,17.98929,12.496194,,True
blocked_panel_local,scap_last,gp,256,20260823,completed,completed,b63aba409a08a793,b63aba409a08a793,17.789425,12.932006,,True
blocked_panel_local,scap_last,gp,320,7,completed,completed,adb78ed6998ce443,adb78ed6998ce443,22.532899,16.397269,,True
blocked_panel_local,scap_last,gp,320,20260823,completed,completed,adb78ed6998ce443,adb78ed6998ce443,22.716374,16.890113,,True
blocked_panel_local,scap_last,gp,512,7,completed,completed,5dbfc9d12a8c4fc3,5dbfc9d12a8c4fc3,37.75516,28.452497,,True
blocked_panel_local,scap_last,gp,512,20260823,completed,completed,5dbfc9d12a8c4fc3,5dbfc9d12a8c4fc3,37.133702,28.229787,,True
blocked_panel_local,scap_last,scap,128,7,completed,completed,a931047d96c72fcf,a931047d96c72fcf,10.598108,5.137384,,True
blocked_panel_local,scap_last,scap,128,20260823,completed,completed,a931047d96c72fcf,a931047d96c72fcf,10.580107,5.035583,,True
blocked_panel_local,scap_last,scap,256,7,completed,completed,d38c72949fb673cf,d38c72949fb673cf,22.391662,11.55094,,True
blocked_panel_local,scap_last,scap,256,20260823,completed,completed,d38c72949fb673cf,d38c72949fb673cf,22.331272,11.487624,,True
blocked_panel_local,scap_last,scap,320,7,completed,completed,45a21fbd63e6b4ff,45a21fbd63e6b4ff,28.737014,14.974239,,True
blocked_panel_local,scap_last,scap,320,20260823,completed,completed,45a21fbd63e6b4ff,45a21fbd63e6b4ff,28.27273,15.127338,,True
blocked_panel_local,scap_last,scap,512,7,completed,completed,92f0e610b69e29ff,92f0e610b69e29ff,46.65036,25.470365,,True
blocked_panel_local,scap_last,scap,512,20260823,completed,completed,92f0e610b69e29ff,92f0e610b69e29ff,46.726984,25.363004,,True
blocked_panel_local,scap_last,rp,128,7,completed,completed,950d7f70a46a1d5e,950d7f70a46a1d5e,9.343799,5.328207,,True
blocked_panel_local,scap_last,rp,128,20260823,completed,completed,950d7f70a46a1d5e,950d7f70a46a1d5e,9.268376,5.428577,,True
blocked_panel_local,scap_last,rp,256,7,completed,completed,9f39b10179a0145e,9f39b10179a0145e,23.117764,12.113774,,True
blocked_panel_local,scap_last,rp,256,20260823,completed,completed,9f39b10179a0145e,9f39b10179a0145e,21.895305,12.201856,,True
blocked_panel_local,scap_last,rp,320,7,completed,completed,e0b0063dda33622e,e0b0063dda33622e,25.769075,16.938067,,True
blocked_panel_local,scap_last,rp,320,20260823,completed,completed,e0b0063dda33622e,e0b0063dda33622e,25.125292,15.675259,,True
blocked_panel_local,scap_last,rp,512,7,completed,completed,f362b96048b4c02e,f362b96048b4c02e,41.367239,26.053284,,True
blocked_panel_local,scap_last,rp,512,20260823,completed,completed,f362b96048b4c02e,f362b96048b4c02e,41.756094,27.9618,,True
blocked_panel_local,scap_last,cp,128,7,completed,completed,f963704d105818cf,f963704d105818cf,12.72578,5.608335,,True
blocked_panel_local,scap_last,cp,128,20260823,completed,completed,f963704d105818cf,f963704d105818cf,12.805313,5.584844,,True
blocked_panel_local,scap_last,cp,256,7,completed,completed,1181aa3a0bd75ccf,1181aa3a0bd75ccf,43.350815,12.709802,,True
blocked_panel_local,scap_last,cp,256,20260823,completed,completed,1181aa3a0bd75ccf,1181aa3a0bd75ccf,43.508997,12.25962,,True
blocked_panel_local,scap_last,cp,320,7,completed,completed,e4fabb55294f9dff,e4fabb55294f9dff,82.711035,16.362327,,True
blocked_panel_local,scap_last,cp,320,20260823,completed,completed,e4fabb55294f9dff,e4fabb55294f9dff,69.583428,16.289371,,True
blocked_panel_local,scap_last,cp,512,7,completed,completed,e4e37d9d07df12ff,e4e37d9d07df12ff,228.993888,27.128726,,True
blocked_panel_local,scap_last,cp,512,20260823,completed,completed,e4e37d9d07df12ff,e4e37d9d07df12ff,231.524888,27.020193,,True
blocked_panel_local,scap_last,scpp,128,7,completed,completed,343307aaf1024793,343307aaf1024793,8.210036,6.032043,,True
blocked_panel_local,scap_last,scpp,128,20260823,completed,completed,343307aaf1024793,343307aaf1024793,8.335605,5.710984,,True
blocked_panel_local,scap_last,scpp,256,7,completed,completed,b63aba409a08a793,b63aba409a08a793,17.938639,12.530281,,True
blocked_panel_local,scap_last,scpp,256,20260823,completed,completed,b63aba409a08a793,b63aba409a08a793,17.809957,13.628031,,True
blocked_panel_local,scap_last,scpp,320,7,completed,completed,adb78ed6998ce443,adb78ed6998ce443,25.909173,17.476703,,True
blocked_panel_local,scap_last,scpp,320,20260823,completed,completed,adb78ed6998ce443,adb78ed6998ce443,22.737683,17.425867,,True
blocked_panel_local,scap_last,scpp,512,7,completed,completed,5dbfc9d12a8c4fc3,5dbfc9d12a8c4fc3,37.603593,29.351573,,True
blocked_panel_local,scap_last,scpp,512,20260823,completed,completed,5dbfc9d12a8c4fc3,5dbfc9d12a8c4fc3,42.741292,29.179278,,True
blocked_panel_local,gp_second,pp,128,7,completed,completed,343307aaf1024793,343307aaf1024793,8.220246,5.035615,,True
blocked_panel_local,gp_second,pp,128,20260823,completed,completed,343307aaf1024793,343307aaf1024793,8.368183,4.905868,,True
blocked_panel_local,gp_second,pp,256,7,completed,completed,b63aba409a08a793,b63aba409a08a793,20.658579,11.322991,,True
blocked_panel_local,gp_second,pp,256,20260823,completed,completed,b63aba409a08a793,b63aba409a08a793,17.615163,11.335877,,True
blocked_panel_local,gp_second,pp,320,7,completed,completed,adb78ed6998ce443,adb78ed6998ce443,22.709538,14.758171,,True
blocked_panel_local,gp_second,pp,320,20260823,completed,completed,adb78ed6998ce443,adb78ed6998ce443,22.907651,14.803628,,True
blocked_panel_local,gp_second,pp,512,7,completed,completed,5dbfc9d12a8c4fc3,5dbfc9d12a8c4fc3,37.207237,24.953425,,True
blocked_panel_local,gp_second,pp,512,20260823,completed,completed,5dbfc9d12a8c4fc3,5dbfc9d12a8c4fc3,37.159139,28.314723,,True
blocked_panel_local,gp_second,dp,128,7,completed,completed,16711e3353d6dc42,16711e3353d6dc42,8.275444,5.738606,,True
blocked_panel_local,gp_second,dp,128,20260823,completed,completed,16711e3353d6dc42,16711e3353d6dc42,8.326237,5.555839,,True
blocked_panel_local,gp_second,dp,256,7,completed,completed,22680bbb158ceb42,22680bbb158ceb42,17.857072,12.756583,,True
blocked_panel_local,gp_second,dp,256,20260823,completed,completed,22680bbb158ceb42,22680bbb158ceb42,17.868466,12.999201,,True
blocked_panel_local,gp_second,dp,320,7,completed,completed,3e33200711ff4992,3e33200711ff4992,22.600565,17.091273,,True
blocked_panel_local,gp_second,dp,320,20260823,completed,completed,3e33200711ff4992,3e33200711ff4992,22.518392,17.126138,,True
blocked_panel_local,gp_second,dp,512,7,completed,completed,ef29d69cb3a42f12,ef29d69cb3a42f12,37.562181,28.340602,,True
blocked_panel_local,gp_second,dp,512,20260823,completed,completed,ef29d69cb3a42f12,ef29d69cb3a42f12,37.943717,28.546926,,True
blocked_panel_local,gp_second,gp,128,7,completed,completed,fb36ea599535c0b2,fb36ea599535c0b2,8.306378,5.457781,,True
blocked_panel_local,gp_second,gp,128,20260823,completed,completed,fb36ea599535c0b2,fb36ea599535c0b2,8.406664,5.440236,,True
blocked_panel_local,gp_second,gp,256,7,completed,completed,05583b50700041b2,05583b50700041b2,17.727276,12.96449,,True
blocked_panel_local,gp_second,gp,256,20260823,completed,completed,05583b50700041b2,05583b50700041b2,18.006084,12.908484,,True
blocked_panel_local,gp_second,gp,320,7,completed,completed,cf877083a3fda482,cf877083a3fda482,22.649629,16.583559,,True
blocked_panel_local,gp_second,gp,320,20260823,completed,completed,cf877083a3fda482,cf877083a3fda482,22.803052,16.942626,,True
blocked_panel_local,gp_second,gp,512,7,completed,completed,53f6fb7f08c7e782,53f6fb7f08c7e782,37.521609,28.219962,,True
blocked_panel_local,gp_second,gp,512,20260823,completed,completed,53f6fb7f08c7e782,53f6fb7f08c7e782,37.693456,27.911008,,True
blocked_panel_local,gp_second,scap,128,7,completed,completed,343307aaf1024793,343307aaf1024793,10.348545,5.022401,,True
blocked_panel_local,gp_second,scap,128,20260823,completed,completed,343307aaf1024793,343307aaf1024793,10.545326,5.050109,,True
blocked_panel_local,gp_second,scap,256,7,completed,completed,b63aba409a08a793,b63aba409a08a793,22.838596,11.496205,,True
blocked_panel_local,gp_second,scap,256,20260823,completed,completed,b63aba409a08a793,b63aba409a08a793,22.24277,11.459033,,True
blocked_panel_local,gp_second,scap,320,7,completed,completed,adb78ed6998ce443,adb78ed6998ce443,28.428355,15.185736,,True
blocked_panel_local,gp_second,scap,320,20260823,completed,completed,adb78ed6998ce443,adb78ed6998ce443,28.212162,14.999074,,True
blocked_panel_local,gp_second,scap,512,7,completed,completed,5dbfc9d12a8c4fc3,5dbfc9d12a8c4fc3,46.873948,25.444849,,True
blocked_panel_local,gp_second,scap,512,20260823,completed,completed,5dbfc9d12a8c4fc3,5dbfc9d12a8c4fc3,46.638689,25.244211,,True
blocked_panel_local,gp_second,rp,128,7,completed,completed,16711e3353d6dc42,16711e3353d6dc42,10.717212,5.262344,,True
blocked_panel_local,gp_second,rp,128,20260823,completed,completed,16711e3353d6dc42,16711e3353d6dc42,9.425137,5.35303,,True
blocked_panel_local,gp_second,rp,256,7,completed,completed,22680bbb158ceb42,22680bbb158ceb42,20.290457,12.240613,,True
blocked_panel_local,gp_second,rp,256,20260823,completed,completed,22680bbb158ceb42,22680bbb158ceb42,19.973171,12.141223,,True
blocked_panel_local,gp_second,rp,320,7,completed,completed,3e33200711ff4992,3e33200711ff4992,25.528649,15.528732,,True
blocked_panel_local,gp_second,rp,320,20260823,completed,completed,3e33200711ff4992,3e33200711ff4992,25.088977,17.646528,,True
blocked_panel_local,gp_second,rp,512,7,completed,completed,ef29d69cb3a42f12,ef29d69cb3a42f12,41.258727,26.313102,,True
blocked_panel_local,gp_second,rp,512,20260823,completed,completed,ef29d69cb3a42f12,ef29d69cb3a42f12,41.984873,26.412024,,True
blocked_panel_local,gp_second,cp,128,7,completed,completed,44d8901be38e1742,44d8901be38e1742,12.867228,5.576113,,True
blocked_panel_local,gp_second,cp,128,20260823,completed,completed,44d8901be38e1742,44d8901be38e1742,12.951686,5.69871,,True
blocked_panel_local,gp_second,cp,256,7,completed,completed,ed65a007c4f42642,ed65a007c4f42642,43.346091,12.135504,,True
blocked_panel_local,gp_second,cp,256,20260823,completed,completed,ed65a007c4f42642,ed65a007c4f42642,52.121379,12.891405,,True
blocked_panel_local,gp_second,cp,320,7,completed,completed,c3bdb94bf13e8492,c3bdb94bf13e8492,71.17801,15.911033,,True
blocked_panel_local,gp_second,cp,320,20260823,completed,completed,c3bdb94bf13e8492,c3bdb94bf13e8492,73.413622,16.43638,,True
blocked_panel_local,gp_second,cp,512,7,completed,completed,d406d5e2a26b6a12,d406d5e2a26b6a12,229.233824,28.081845,,True
blocked_panel_local,gp_second,cp,512,20260823,completed,completed,d406d5e2a26b6a12,d406d5e2a26b6a12,229.727052,29.336399,,True
blocked_panel_local,gp_second,scpp,128,7,completed,completed,fb36ea599535c0b2,fb36ea599535c0b2,8.384506,6.059706,,True
blocked_panel_local,gp_second,scpp,128,20260823,completed,completed,fb36ea599535c0b2,fb36ea599535c0b2,8.251713,5.696645,,True
blocked_panel_local,gp_second,scpp,256,7,completed,completed,05583b50700041b2,05583b50700041b2,17.771444,13.515598,,True
blocked_panel_local,gp_second,scpp,256,20260823,completed,completed,05583b50700041b2,05583b50700041b2,18.084784,13.613375,,True
blocked_panel_local,gp_second,scpp,320,7,completed,completed,cf877083a3fda482,cf877083a3fda482,22.696414,17.439923,,True
blocked_panel_local,gp_second,scpp,320,20260823,completed,completed,cf877083a3fda482,cf877083a3fda482,22.777748,17.405641,,True
blocked_panel_local,gp_second,scpp,512,7,completed,completed,53f6fb7f08c7e782,53f6fb7f08c7e782,37.306729,29.419015,,True
blocked_panel_local,gp_second,scpp,512,20260823,completed,completed,53f6fb7f08c7e782,53f6fb7f08c7e782,37.752723,29.353747,,True
unblocked_rank1,uniform,pp,128,7,completed,completed,575c52641ec45596,575c52641ec45596,8.339573,4.495321,,True
unblocked_rank1,uniform,pp,128,20260823,completed,completed,eaf00ff21f0ad382,eaf00ff21f0ad382,8.352571,4.425879,,True
unblocked_rank1,uniform,pp,256,7,completed,completed,e49575132040c13b,e49575132040c13b,19.641702,10.905781,,True
unblocked_rank1,uniform,pp,256,20260823,completed,completed,028d0023bcab6aca,028d0023bcab6aca,17.377009,10.766739,,True
unblocked_rank1,uniform,pp,320,7,completed,completed,f9dd545864ccbc4e,f9dd545864ccbc4e,21.990416,14.782009,,True
unblocked_rank1,uniform,pp,320,20260823,completed,completed,d673e418046bed6c,d673e418046bed6c,22.208793,15.015121,,True
unblocked_rank1,uniform,pp,512,7,completed,completed,c74f7aabd86233c5,c74f7aabd86233c5,37.389067,25.774355,,True
unblocked_rank1,uniform,pp,512,20260823,completed,completed,13c379c9862f8e52,13c379c9862f8e52,36.880648,25.932011,,True
unblocked_rank1,uniform,dp,128,7,completed,completed,b17bd2afbe084c0c,b17bd2afbe084c0c,8.736244,5.361493,,True
unblocked_rank1,uniform,dp,128,20260823,completed,completed,fc2accf87d016b8e,fc2accf87d016b8e,8.621655,5.416577,,True
unblocked_rank1,uniform,dp,256,7,completed,completed,dcb0c3c8b3e83fd4,dcb0c3c8b3e83fd4,17.94367,11.943935,,True
unblocked_rank1,uniform,dp,256,20260823,completed,completed,dbe93d5aeeb0946f,dbe93d5aeeb0946f,18.122009,11.988709,,True
unblocked_rank1,uniform,dp,320,7,completed,completed,a4e27cc2f5426cbf,a4e27cc2f5426cbf,22.863388,15.550636,,True
unblocked_rank1,uniform,dp,320,20260823,completed,completed,5e13b37e0fb2e96c,5e13b37e0fb2e96c,22.96472,15.542817,,True
unblocked_rank1,uniform,dp,512,7,completed,completed,a958d26699836294,a958d26699836294,37.984619,26.578983,,True
unblocked_rank1,uniform,dp,512,20260823,completed,completed,fc83ba610c928e4a,fc83ba610c928e4a,38.090969,26.588929,,True
unblocked_rank1,uniform,gp,128,7,completed,completed,976ab582d0f6c00a,976ab582d0f6c00a,8.495997,5.432135,,True
unblocked_rank1,uniform,gp,128,20260823,completed,completed,fcdd81b677fe0b4e,fcdd81b677fe0b4e,8.704436,5.451435,,True
unblocked_rank1,uniform,gp,256,7,completed,completed,3a76a513d39e6872,3a76a513d39e6872,18.0351,12.115853,,True
unblocked_rank1,uniform,gp,256,20260823,completed,completed,2eae770d0c1968c8,2eae770d0c1968c8,17.693487,12.294657,,True
unblocked_rank1,uniform,gp,320,7,completed,completed,e546c8b0b3bfb2f4,e546c8b0b3bfb2f4,22.899802,15.819036,,True
unblocked_rank1,uniform,gp,320,20260823,completed,completed,536b62c14beca8ed,536b62c14beca8ed,22.825322,15.932725,,True
unblocked_rank1,uniform,gp,512,7,completed,completed,3688d5cc9617b22e,3688d5cc9617b22e,38.644909,28.021025,,True
unblocked_rank1,uniform,gp,512,20260823,completed,completed,a4c85ee839af3ceb,a4c85ee839af3ceb,38.505651,27.61974,,True
unblocked_rank1,uniform,scap,128,7,completed,completed,17e3a922bd5c11c6,17e3a922bd5c11c6,11.055117,4.917749,,True
unblocked_rank1,uniform,scap,128,20260823,completed,completed,6b30ee2735f09cc9,6b30ee2735f09cc9,10.933503,5.145391,,True
unblocked_rank1,uniform,scap,256,7,completed,completed,d0e3521473538864,d0e3521473538864,24.97218,11.919279,,True
unblocked_rank1,uniform,scap,256,20260823,completed,completed,ee76b6e62c98e240,ee76b6e62c98e240,26.278935,11.980382,,True
unblocked_rank1,uniform,scap,320,7,completed,completed,974079cac25495c2,974079cac25495c2,29.07135,15.369812,,True
unblocked_rank1,uniform,scap,320,20260823,completed,completed,38a9ceff56770df9,38a9ceff56770df9,29.146317,15.183701,,True
unblocked_rank1,uniform,scap,512,7,completed,completed,6985c7cb17882bf0,6985c7cb17882bf0,47.872062,26.281368,,True
unblocked_rank1,uniform,scap,512,20260823,completed,completed,27cba6aec8a97d74,27cba6aec8a97d74,48.189119,26.316051,,True
unblocked_rank1,uniform,rp,128,7,completed,completed,c8059ef1c0cfe7fe,c8059ef1c0cfe7fe,11.609982,5.398681,,True
unblocked_rank1,uniform,rp,128,20260823,completed,completed,833aefabbd510007,833aefabbd510007,11.615841,5.350552,,True
unblocked_rank1,uniform,rp,256,7,completed,completed,f23abca96d4aab50,f23abca96d4aab50,24.50234,12.460375,,True
unblocked_rank1,uniform,rp,256,20260823,completed,completed,53487c3c3123016a,53487c3c3123016a,24.581624,12.523274,,True
unblocked_rank1,uniform,rp,320,7,completed,completed,b591d652d386bba3,b591d652d386bba3,32.146634,16.391095,,True
unblocked_rank1,uniform,rp,320,20260823,completed,completed,cc4ab7116d815696,cc4ab7116d815696,31.900295,16.170081,,True
unblocked_rank1,uniform,rp,512,7,completed,completed,6e037acb9d341c06,6e037acb9d341c06,54.205369,27.527189,,True
unblocked_rank1,uniform,rp,512,20260823,completed,completed,c1ee8b0b2dddc609,c1ee8b0b2dddc609,53.604498,27.651877,,True
unblocked_rank1,uniform,cp,128,7,completed,completed,ee6fd5a94498b2e4,ee6fd5a94498b2e4,13.63627,5.385313,,True
unblocked_rank1,uniform,cp,128,20260823,completed,completed,44ebfffe477edc01,44ebfffe477edc01,13.66462,5.395517,,True
unblocked_rank1,uniform,cp,256,7,completed,completed,979214e6017263a5,979214e6017263a5,53.155368,11.87917,,True
unblocked_rank1,uniform,cp,256,20260823,completed,completed,eb212ab18acd286c,eb212ab18acd286c,52.972053,11.840524,,True
unblocked_rank1,uniform,cp,320,7,completed,completed,93d4417b604f4437,93d4417b604f4437,91.560832,15.405094,,True
unblocked_rank1,uniform,cp,320,20260823,completed,completed,1e6f559651c260f4,1e6f559651c260f4,92.275013,15.335173,,True
unblocked_rank1,uniform,cp,512,7,completed,completed,9202f8817dede4aa,9202f8817dede4aa,317.610256,26.393849,,True
unblocked_rank1,uniform,cp,512,20260823,completed,completed,fd21483283da3231,fd21483283da3231,311.405344,26.366604,,True
unblocked_rank1,uniform,scpp,128,7,completed,completed,c09d980b4070ed81,c09d980b4070ed81,8.488295,5.354879,,True
unblocked_rank1,uniform,scpp,128,20260823,completed,completed,648685fb581f06ac,648685fb581f06ac,8.325969,5.357039,,True
unblocked_rank1,uniform,scpp,256,7,completed,completed,bb695f52619ea09a,bb695f52619ea09a,17.322407,11.977258,,True
unblocked_rank1,uniform,scpp,256,20260823,completed,completed,959fc017e5370fb3,959fc017e5370fb3,17.45971,11.925881,,True
unblocked_rank1,uniform,scpp,320,7,completed,completed,2f3d46d5b403da94,2f3d46d5b403da94,22.263386,15.579202,,True
unblocked_rank1,uniform,scpp,320,20260823,completed,completed,9f7183407574c205,9f7183407574c205,22.251047,15.587738,,True
unblocked_rank1,uniform,scpp,512,7,completed,completed,85736c8a54735bcf,85736c8a54735bcf,36.660883,26.535572,,True
unblocked_rank1,uniform,scpp,512,20260823,completed,completed,a63f8c348879815a,a63f8c348879815a,36.555632,26.771932,,True
unblocked_rank1,normal,pp,128,7,completed,completed,21c818169ef18fcb,21c818169ef18fcb,9.238291,4.610558,,True
unblocked_rank1,normal,pp,128,20260823,completed,completed,76c62c3d5bcc9bdc,76c62c3d5bcc9bdc,8.430247,4.497319,,True
unblocked_rank1,normal,pp,256,7,completed,completed,ead34bd8ec1b853c,ead34bd8ec1b853c,17.626159,11.321643,,True
unblocked_rank1,normal,pp,256,20260823,completed,completed,5bd31987b32cf79c,5bd31987b32cf79c,17.480876,11.146668,,True
unblocked_rank1,normal,pp,320,7,completed,completed,307bfa594fb6f6f0,307bfa594fb6f6f0,22.085499,15.099902,,True
unblocked_rank1,normal,pp,320,20260823,completed,completed,b5d048a0745dbc0b,b5d048a0745dbc0b,22.290777,15.028437,,True
unblocked_rank1,normal,pp,512,7,completed,completed,5520b58e07d73ffc,5520b58e07d73ffc,36.971559,24.618869,,True
unblocked_rank1,normal,pp,512,20260823,completed,completed,7cbc51ac91233b24,7cbc51ac91233b24,37.148785,25.517086,,True
unblocked_rank1,normal,dp,128,7,completed,completed,5073c3e7ec833da6,5073c3e7ec833da6,8.647698,5.358593,,True
unblocked_rank1,normal,dp,128,20260823,completed,completed,bca0979d3908c283,bca0979d3908c283,8.724325,5.379745,,True
unblocked_rank1,normal,dp,256,7,completed,completed,d6ab50e254dea737,d6ab50e254dea737,17.534198,11.998751,,True
unblocked_rank1,normal,dp,256,20260823,completed,completed,73710314cbdefdfe,73710314cbdefdfe,17.894029,11.980506,,True
unblocked_rank1,normal,dp,320,7,completed,completed,352e0cdb955d61d1,352e0cdb955d61d1,22.682628,15.415867,,True
unblocked_rank1,normal,dp,320,20260823,completed,completed,a2c6b7df6ae0e243,a2c6b7df6ae0e243,22.928555,15.420933,,True
unblocked_rank1,normal,dp,512,7,completed,completed,34cc5bb7497e636d,34cc5bb7497e636d,37.899365,26.202558,,True
unblocked_rank1,normal,dp,512,20260823,completed,completed,f842baeb18f34de2,f842baeb18f34de2,38.00579,26.482458,,True
unblocked_rank1,normal,gp,128,7,completed,completed,c776202fbcb745b2,c776202fbcb745b2,9.792867,5.466871,,True
unblocked_rank1,normal,gp,128,20260823,completed,completed,34f2299ed04248c7,34f2299ed04248c7,9.22984,5.424723,,True
unblocked_rank1,normal,gp,256,7,completed,completed,568b3512e3e864ec,568b3512e3e864ec,18.030295,12.2595,,True
unblocked_rank1,normal,gp,256,20260823,completed,completed,9ea496a78e00a69b,9ea496a78e00a69b,17.854818,12.38964,,True
unblocked_rank1,normal,gp,320,7,completed,completed,f392a3dcf0aa616d,f392a3dcf0aa616d,22.53075,15.859926,,True
unblocked_rank1,normal,gp,320,20260823,completed,completed,258458183f2901ea,258458183f2901ea,22.304609,15.07874,,True
unblocked_rank1,normal,gp,512,7,completed,completed,465530d948e2223c,465530d948e2223c,38.143494,28.138429,,True
unblocked_rank1,normal,gp,512,20260823,completed,completed,166faf8d6293d202,166faf8d6293d202,37.7066,27.433548,,True
unblocked_rank1,normal,scap,128,7,completed,completed,cfcffdc2aabd348e,cfcffdc2aabd348e,11.243095,5.053205,,True
unblocked_rank1,normal,scap,128,20260823,completed,completed,25217e2906af5a0b,25217e2906af5a0b,11.155041,5.145704,,True
unblocked_rank1,normal,scap,256,7,completed,completed,5260e1b9aab133f6,5260e1b9aab133f6,22.989012,11.982661,,True
unblocked_rank1,normal,scap,256,20260823,completed,completed,eec2759a8858b6d3,eec2759a8858b6d3,23.018016,11.888116,,True
unblocked_rank1,normal,scap,320,7,completed,completed,53870579b41eb5c1,53870579b41eb5c1,29.044152,15.44035,,True
unblocked_rank1,normal,scap,320,20260823,completed,completed,7d538644a5599ca0,7d538644a5599ca0,29.338204,15.689208,,True
unblocked_rank1,normal,scap,512,7,completed,completed,ebfb5c0cf9c6c5a4,ebfb5c0cf9c6c5a4,48.996039,26.556661,,True
unblocked_rank1,normal,scap,512,20260823,completed,completed,f94bae4d3098dbee,f94bae4d3098dbee,48.212324,26.565136,,True
unblocked_rank1,normal,rp,128,7,completed,completed,03f0069ac65a1854,03f0069ac65a1854,11.579325,5.496361,,True
unblocked_rank1,normal,rp,128,20260823,completed,completed,1f9fbbacf834e926,1f9fbbacf834e926,11.753598,5.448059,,True
unblocked_rank1,normal,rp,256,7,completed,completed,c1958b5a34165012,c1958b5a34165012,25.123639,12.353723,,True
unblocked_rank1,normal,rp,256,20260823,completed,completed,71956cdb6cfba79a,71956cdb6cfba79a,25.078902,12.50743,,True
unblocked_rank1,normal,rp,320,7,completed,completed,1361e6e724c02e08,1361e6e724c02e08,31.628595,16.204242,,True
unblocked_rank1,normal,rp,320,20260823,completed,completed,1e79fabb2cddc218,1e79fabb2cddc218,31.900762,16.238849,,True
unblocked_rank1,normal,rp,512,7,completed,completed,16f02a3928e56fea,16f02a3928e56fea,54.063989,27.52355,,True
unblocked_rank1,normal,rp,512,20260823,completed,completed,f7b7dfdedbe1cbdd,f7b7dfdedbe1cbdd,54.327321,27.748227,,True
unblocked_rank1,normal,cp,128,7,completed,completed,2da7a010ea1d1751,2da7a010ea1d1751,13.852547,5.33361,,True
unblocked_rank1,normal,cp,128,20260823,completed,completed,cb69b4af540b3fd9,cb69b4af540b3fd9,13.651747,5.068992,,True
unblocked_rank1,normal,cp,256,7,completed,completed,b262ce53aaf89a14,b262ce53aaf89a14,53.863748,11.862445,,True
unblocked_rank1,normal,cp,256,20260823,completed,completed,de4c9a5cfeb27792,de4c9a5cfeb27792,53.738541,11.898793,,True
unblocked_rank1,normal,cp,320,7,completed,completed,31ee61b0aed6ce03,31ee61b0aed6ce03,91.053942,15.414921,,True
unblocked_rank1,normal,cp,320,20260823,completed,completed,29ffda8be413527f,29ffda8be413527f,92.363239,15.447975,,True
unblocked_rank1,normal,cp,512,7,completed,completed,87c5bec43bf838f4,87c5bec43bf838f4,320.8548,26.506097,,True
unblocked_rank1,normal,cp,512,20260823,completed,completed,94517358efc4f804,94517358efc4f804,326.080591,26.871116,,True
unblocked_rank1,normal,scpp,128,7,completed,completed,3985fdc69ce8d5c5,3985fdc69ce8d5c5,8.49937,4.930212,,True
unblocked_rank1,normal,scpp,128,20260823,completed,completed,8ee9cef44968790e,8ee9cef44968790e,8.624016,5.45805,,True
unblocked_rank1,normal,scpp,256,7,completed,completed,761635bf40e38c02,761635bf40e38c02,17.536611,12.052443,,True
unblocked_rank1,normal,scpp,256,20260823,completed,completed,ff95c04286ff98a9,ff95c04286ff98a9,17.476432,11.761695,,True
unblocked_rank1,normal,scpp,320,7,completed,completed,dd5834a98c02f8c9,dd5834a98c02f8c9,21.98638,15.82339,,True
unblocked_rank1,normal,scpp,320,20260823,completed,completed,02e388c522fe52fe,02e388c522fe52fe,22.154245,15.424879,,True
unblocked_rank1,normal,scpp,512,7,completed,completed,fcf8767abb774e4f,fcf8767abb774e4f,37.176267,26.8068,,True
unblocked_rank1,normal,scpp,512,20260823,completed,completed,b49750e4134f1531,b49750e4134f1531,36.988621,26.746609,,True
unblocked_rank1,graded,pp,128,7,completed,completed,eecd161eeb681e02,eecd161eeb681e02,8.463873,4.450962,,True
unblocked_rank1,graded,pp,128,20260823,completed,completed,106f8f7e64d22305,106f8f7e64d22305,8.423143,4.363604,,True
unblocked_rank1,graded,pp,256,7,completed,completed,ea604e80c45ecae7,ea604e80c45ecae7,17.592438,11.606361,,True
unblocked_rank1,graded,pp,256,20260823,completed,completed,8e5c963356863bce,8e5c963356863bce,17.221216,11.217396,,True
unblocked_rank1,graded,pp,320,7,completed,completed,73012e970877341b,73012e970877341b,22.142763,14.900354,,True
unblocked_rank1,graded,pp,320,20260823,completed,completed,5cec7edac205c4da,5cec7edac205c4da,21.795557,15.069423,,True
unblocked_rank1,graded,pp,512,7,completed,completed,4530cc5f38228763,4530cc5f38228763,37.322952,25.564027,,True
unblocked_rank1,graded,pp,512,20260823,completed,completed,5bbc1720205dc58c,5bbc1720205dc58c,36.804247,25.662763,,True
unblocked_rank1,graded,dp,128,7,completed,completed,dac2a863fd39c44d,dac2a863fd39c44d,8.496062,5.452945,,True
unblocked_rank1,graded,dp,128,20260823,completed,completed,c4757c3702d2ea49,c4757c3702d2ea49,8.811404,5.439982,,True
unblocked_rank1,graded,dp,256,7,completed,completed,0f8dd8f84a0b8e5c,0f8dd8f84a0b8e5c,17.857655,11.908764,,True
unblocked_rank1,graded,dp,256,20260823,completed,completed,07f44ec128035b89,07f44ec128035b89,17.819314,11.919563,,True
unblocked_rank1,graded,dp,320,7,completed,completed,d7218c330ad9cae1,d7218c330ad9cae1,22.248911,15.429132,,True
unblocked_rank1,graded,dp,320,20260823,completed,completed,1e3a5caf2d4a1125,1e3a5caf2d4a1125,23.008497,15.341816,,True
unblocked_rank1,graded,dp,512,7,completed,completed,c0abaacab645fcf6,c0abaacab645fcf6,37.835562,26.498555,,True
unblocked_rank1,graded,dp,512,20260823,completed,completed,b036fd696660114b,b036fd696660114b,37.776664,27.076189,,True
unblocked_rank1,graded,gp,128,7,completed,completed,c957b5d433728f53,c957b5d433728f53,8.654045,5.399845,,True
unblocked_rank1,graded,gp,128,20260823,completed,completed,3e89ed7da78676ad,3e89ed7da78676ad,8.631003,5.605302,,True
unblocked_rank1,graded,gp,256,7,completed,completed,7524931c1f2157cc,7524931c1f2157cc,17.792622,12.109553,,True
unblocked_rank1,graded,gp,256,20260823,completed,completed,ff44bc184724ad03,ff44bc184724ad03,17.550147,12.454434,,True
unblocked_rank1,graded,gp,320,7,completed,completed,7c3ced4af50811fc,7c3ced4af50811fc,22.839626,15.942711,,True
unblocked_rank1,graded,gp,320,20260823,completed,completed,c3aaa7a151100749,c3aaa7a151100749,22.641921,15.735093,,True
unblocked_rank1,graded,gp,512,7,completed,completed,20b077e8bbb321d2,20b077e8bbb321d2,38.3705,27.958733,,True
unblocked_rank1,graded,gp,512,20260823,completed,completed,96b1ed09e79e0eb3,96b1ed09e79e0eb3,38.057718,27.714093,,True
unblocked_rank1,graded,scap,128,7,completed,completed,1100cb1a4c082732,1100cb1a4c082732,11.014791,5.109125,,True
unblocked_rank1,graded,scap,128,20260823,completed,completed,c8997ec67ef65e78,c8997ec67ef65e78,11.093367,5.134717,,True
unblocked_rank1,graded,scap,256,7,completed,completed,73c067b4e6ec0691,73c067b4e6ec0691,23.314383,11.865276,,True
unblocked_rank1,graded,scap,256,20260823,completed,completed,82dcd7ebd4aeaa88,82dcd7ebd4aeaa88,23.395423,11.889455,,True
unblocked_rank1,graded,scap,320,7,completed,completed,2edd85a6d66b49a2,2edd85a6d66b49a2,29.888142,15.511451,,True
unblocked_rank1,graded,scap,320,20260823,completed,completed,f72db47ba45a75b6,f72db47ba45a75b6,29.363372,15.557845,,True
unblocked_rank1,graded,scap,512,7,completed,completed,08d12e62ded31014,08d12e62ded31014,48.779708,26.381075,,True
unblocked_rank1,graded,scap,512,20260823,completed,completed,1a2f8f460d17db7b,1a2f8f460d17db7b,48.908232,26.544192,,True
unblocked_rank1,graded,rp,128,7,completed,completed,808a5a3a0a00ee0d,808a5a3a0a00ee0d,11.899227,5.359869,,True
unblocked_rank1,graded,rp,128,20260823,completed,completed,fad6f6ddb97530fc,fad6f6ddb97530fc,11.747497,5.436833,,True
unblocked_rank1,graded,rp,256,7,completed,completed,05a3f33ac28454ac,05a3f33ac28454ac,24.584714,11.716352,,True
unblocked_rank1,graded,rp,256,20260823,completed,completed,8fb747c911ff964e,8fb747c911ff964e,24.471451,12.325536,,True
unblocked_rank1,graded,rp,320,7,completed,completed,e5ba74d35680e083,e5ba74d35680e083,31.59099,16.303251,,True
unblocked_rank1,graded,rp,320,20260823,completed,completed,25d964ef4855ba7b,25d964ef4855ba7b,31.061317,15.800544,,True
unblocked_rank1,graded,rp,512,7,completed,completed,4cf67bbc481101b0,4cf67bbc481101b0,53.963182,27.73332,,True
unblocked_rank1,graded,rp,512,20260823,completed,completed,e4b5c87d76aec301,e4b5c87d76aec301,53.744877,27.502781,,True
unblocked_rank1,graded,cp,128,7,completed,completed,112616118281d8d6,112616118281d8d6,13.342223,5.381104,,True
unblocked_rank1,graded,cp,128,20260823,completed,completed,9326084c3f0777a1,9326084c3f0777a1,13.560711,5.359133,,True
unblocked_rank1,graded,cp,256,7,completed,completed,b0de4f06f90d1c58,b0de4f06f90d1c58,53.630879,11.811145,,True
unblocked_rank1,graded,cp,256,20260823,completed,completed,bb4f3d69481f755b,bb4f3d69481f755b,53.404116,11.775154,,True
unblocked_rank1,graded,cp,320,7,completed,completed,46062b2c8697af34,46062b2c8697af34,91.503349,15.331439,,True
unblocked_rank1,graded,cp,320,20260823,completed,completed,c5157b4c487664e5,c5157b4c487664e5,91.583412,15.224609,,True
unblocked_rank1,graded,cp,512,7,completed,completed,79bbfce0f585d619,79bbfce0f585d619,322.765776,26.262403,,True
unblocked_rank1,graded,cp,512,20260823,completed,completed,d5ec836fd16db83c,d5ec836fd16db83c,319.422665,26.402621,,True
unblocked_rank1,graded,scpp,128,7,completed,completed,da5b0cf9eb565726,da5b0cf9eb565726,8.374391,5.335542,,True
unblocked_rank1,graded,scpp,128,20260823,completed,completed,7c1cd220f29b6569,7c1cd220f29b6569,8.500745,5.362462,,True
unblocked_rank1,graded,scpp,256,7,completed,completed,6430f3f745e527e2,6430f3f745e527e2,17.355103,12.083223,,True
unblocked_rank1,graded,scpp,256,20260823,completed,completed,c2865f316fc66f4f,c2865f316fc66f4f,17.329685,11.968565,,True
unblocked_rank1,graded,scpp,320,7,completed,completed,9384c65e28fdd193,9384c65e28fdd193,22.166266,15.543338,,True
unblocked_rank1,graded,scpp,320,20260823,completed,completed,d51be49c6329efc8,d51be49c6329efc8,22.211838,15.539175,,True
unblocked_rank1,graded,scpp,512,7,completed,completed,325aa03389db2101,325aa03389db2101,36.494851,26.583262,,True
unblocked_rank1,graded,scpp,512,20260823,completed,completed,555c79628303cd9b,555c79628303cd9b,37.485783,26.8242,,True
unblocked_rank1,wilkinson,pp,128,7,nonfinite_factorization,nonfinite_factorization,c14738dadc413a03,c14738dadc413a03,0.986185,0.622916,,True
unblocked_rank1,wilkinson,pp,128,20260823,nonfinite_factorization,nonfinite_factorization,c14738dadc413a03,c14738dadc413a03,0.973559,0.724591,,True
unblocked_rank1,wilkinson,pp,256,7,nonfinite_factorization,nonfinite_factorization,c14738dadc413a03,c14738dadc413a03,1.050282,0.852275,,True
unblocked_rank1,wilkinson,pp,256,20260823,nonfinite_factorization,nonfinite_factorization,c14738dadc413a03,c14738dadc413a03,1.096618,0.713833,,True
unblocked_rank1,wilkinson,pp,320,7,nonfinite_factorization,nonfinite_factorization,c14738dadc413a03,c14738dadc413a03,1.071222,0.719306,,True
unblocked_rank1,wilkinson,pp,320,20260823,nonfinite_factorization,nonfinite_factorization,c14738dadc413a03,c14738dadc413a03,1.08992,0.722747,,True
unblocked_rank1,wilkinson,pp,512,7,nonfinite_factorization,nonfinite_factorization,c14738dadc413a03,c14738dadc413a03,1.251646,0.881233,,True
unblocked_rank1,wilkinson,pp,512,20260823,nonfinite_factorization,nonfinite_factorization,c14738dadc413a03,c14738dadc413a03,1.298745,1.02184,,True
unblocked_rank1,wilkinson,dp,128,7,nonfinite_factorization,nonfinite_factorization,c14738dadc413a03,c14738dadc413a03,1.874288,0.78773,,True
unblocked_rank1,wilkinson,dp,128,20260823,nonfinite_factorization,nonfinite_factorization,c14738dadc413a03,c14738dadc413a03,1.833551,0.770563,,True
unblocked_rank1,wilkinson,dp,256,7,nonfinite_factorization,nonfinite_factorization,c14738dadc413a03,c14738dadc413a03,2.057448,0.861669,,True
unblocked_rank1,wilkinson,dp,256,20260823,nonfinite_factorization,nonfinite_factorization,c14738dadc413a03,c14738dadc413a03,1.939101,0.850003,,True
unblocked_rank1,wilkinson,dp,320,7,nonfinite_factorization,nonfinite_factorization,c14738dadc413a03,c14738dadc413a03,2.036851,0.901882,,True
unblocked_rank1,wilkinson,dp,320,20260823,nonfinite_factorization,nonfinite_factorization,c14738dadc413a03,c14738dadc413a03,2.065011,0.891521,,True
unblocked_rank1,wilkinson,dp,512,7,nonfinite_factorization,nonfinite_factorization,c14738dadc413a03,c14738dadc413a03,2.633086,1.025573,,True
unblocked_rank1,wilkinson,dp,512,20260823,nonfinite_factorization,nonfinite_factorization,c14738dadc413a03,c14738dadc413a03,2.30616,1.040043,,True
unblocked_rank1,wilkinson,gp,128,7,nonfinite_factorization,nonfinite_factorization,c14738dadc413a03,c14738dadc413a03,1.320459,0.87026,,True
unblocked_rank1,wilkinson,gp,128,20260823,nonfinite_factorization,nonfinite_factorization,c14738dadc413a03,c14738dadc413a03,1.257876,0.845097,,True
unblocked_rank1,wilkinson,gp,256,7,nonfinite_factorization,nonfinite_factorization,c14738dadc413a03,c14738dadc413a03,1.417078,1.173785,,True
unblocked_rank1,wilkinson,gp,256,20260823,nonfinite_factorization,nonfinite_factorization,c14738dadc413a03,c14738dadc413a03,1.445251,1.164199,,True
unblocked_rank1,wilkinson,gp,320,7,nonfinite_factorization,nonfinite_factorization,c14738dadc413a03,c14738dadc413a03,1.547637,1.427751,,True
unblocked_rank1,wilkinson,gp,320,20260823,nonfinite_factorization,nonfinite_factorization,c14738dadc413a03,c14738dadc413a03,1.432212,1.305186,,True
unblocked_rank1,wilkinson,gp,512,7,nonfinite_factorization,nonfinite_factorization,c14738dadc413a03,c14738dadc413a03,1.679847,1.896438,,True
unblocked_rank1,wilkinson,gp,512,20260823,nonfinite_factorization,nonfinite_factorization,c14738dadc413a03,c14738dadc413a03,1.965683,1.929974,,True
unblocked_rank1,wilkinson,scap,128,7,completed,completed,3d3a89beb2a2227c,3d3a89beb2a2227c,10.449472,4.549397,,True
unblocked_rank1,wilkinson,scap,128,20260823,completed,completed,3d3a89beb2a2227c,3d3a89beb2a2227c,10.370424,4.592451,,True
unblocked_rank1,wilkinson,scap,256,7,completed,completed,da726f94f4de2bfc,da726f94f4de2bfc,21.592886,11.178514,,True
unblocked_rank1,wilkinson,scap,256,20260823,completed,completed,da726f94f4de2bfc,da726f94f4de2bfc,21.393479,10.043757,,True
unblocked_rank1,wilkinson,scap,320,7,completed,completed,23dd777757e848d7,23dd777757e848d7,27.122671,13.597808,,True
unblocked_rank1,wilkinson,scap,320,20260823,completed,completed,23dd777757e848d7,23dd777757e848d7,27.533107,13.487193,,True
unblocked_rank1,wilkinson,scap,512,7,completed,completed,349870f09168b917,349870f09168b917,46.329865,22.635193,,True
unblocked_rank1,wilkinson,scap,512,20260823,completed,completed,349870f09168b917,349870f09168b917,45.663702,22.75404,,True
unblocked_rank1,wilkinson,rp,128,7,completed,completed,3d3a89beb2a2227c,3d3a89beb2a2227c,11.681232,4.933034,,True
unblocked_rank1,wilkinson,rp,128,20260823,completed,completed,3d3a89beb2a2227c,3d3a89beb2a2227c,11.51701,4.725672,,True
unblocked_rank1,wilkinson,rp,256,7,completed,completed,da726f94f4de2bfc,da726f94f4de2bfc,23.948553,10.441038,,True
unblocked_rank1,wilkinson,rp,256,20260823,completed,completed,da726f94f4de2bfc,da726f94f4de2bfc,23.778002,10.62576,,True
unblocked_rank1,wilkinson,rp,320,7,completed,completed,23dd777757e848d7,23dd777757e848d7,30.690447,13.871338,,True
unblocked_rank1,wilkinson,rp,320,20260823,completed,completed,23dd777757e848d7,23dd777757e848d7,30.95298,13.885032,,True
unblocked_rank1,wilkinson,rp,512,7,completed,completed,349870f09168b917,349870f09168b917,51.298082,23.677078,,True
unblocked_rank1,wilkinson,rp,512,20260823,completed,completed,349870f09168b917,349870f09168b917,51.611913,23.748027,,True
unblocked_rank1,wilkinson,cp,128,7,completed,completed,3d3a89beb2a2227c,3d3a89beb2a2227c,12.651516,4.724963,,True
unblocked_rank1,wilkinson,cp,128,20260823,completed,completed,3d3a89beb2a2227c,3d3a89beb2a2227c,12.782328,4.52958,,True
unblocked_rank1,wilkinson,cp,256,7,completed,completed,da726f94f4de2bfc,da726f94f4de2bfc,51.728982,10.937519,,True
unblocked_rank1,wilkinson,cp,256,20260823,completed,completed,da726f94f4de2bfc,da726f94f4de2bfc,54.525032,10.045792,,True
unblocked_rank1,wilkinson,cp,320,7,completed,completed,23dd777757e848d7,23dd777757e848d7,91.354617,13.54435,,True
unblocked_rank1,wilkinson,cp,320,20260823,completed,completed,23dd777757e848d7,23dd777757e848d7,70.907447,13.882353,,True
unblocked_rank1,wilkinson,cp,512,7,completed,completed,349870f09168b917,349870f09168b917,243.868496,24.151963,,True
unblocked_rank1,wilkinson,cp,512,20260823,completed,completed,349870f09168b917,349870f09168b917,243.725664,24.199256,,True
unblocked_rank1,wilkinson,scpp,128,7,nonfinite_factorization,nonfinite_factorization,c14738dadc413a03,c14738dadc413a03,0.878948,0.733291,,True
unblocked_rank1,wilkinson,scpp,128,20260823,nonfinite_factorization,nonfinite_factorization,c14738dadc413a03,c14738dadc413a03,0.874243,0.730194,,True
unblocked_rank1,wilkinson,scpp,256,7,nonfinite_factorization,nonfinite_factorization,c14738dadc413a03,c14738dadc413a03,0.927199,0.747483,,True
unblocked_rank1,wilkinson,scpp,256,20260823,nonfinite_factorization,nonfinite_factorization,c14738dadc413a03,c14738dadc413a03,0.917448,0.750091,,True
unblocked_rank1,wilkinson,scpp,320,7,nonfinite_factorization,nonfinite_factorization,c14738dadc413a03,c14738dadc413a03,0.969191,0.771259,,True
unblocked_rank1,wilkinson,scpp,320,20260823,nonfinite_factorization,nonfinite_factorization,c14738dadc413a03,c14738dadc413a03,0.983108,0.760691,,True
unblocked_rank1,wilkinson,scpp,512,7,nonfinite_factorization,nonfinite_factorization,c14738dadc413a03,c14738dadc413a03,1.356332,0.919827,,True
unblocked_rank1,wilkinson,scpp,512,20260823,nonfinite_factorization,nonfinite_factorization,c14738dadc413a03,c14738dadc413a03,1.163986,0.917325,,True
unblocked_rank1,dp_equality,pp,128,7,completed,completed,343307aaf1024793,343307aaf1024793,6.403558,4.958869,,True
unblocked_rank1,dp_equality,pp,128,20260823,completed,completed,343307aaf1024793,343307aaf1024793,7.614374,5.137901,,True
unblocked_rank1,dp_equality,pp,256,7,completed,completed,b63aba409a08a793,b63aba409a08a793,13.351977,10.769481,,True
unblocked_rank1,dp_equality,pp,256,20260823,completed,completed,b63aba409a08a793,b63aba409a08a793,13.144956,10.765386,,True
unblocked_rank1,dp_equality,pp,320,7,completed,completed,adb78ed6998ce443,adb78ed6998ce443,16.756075,12.640802,,True
unblocked_rank1,dp_equality,pp,320,20260823,completed,completed,adb78ed6998ce443,adb78ed6998ce443,17.055546,13.755997,,True
unblocked_rank1,dp_equality,pp,512,7,completed,completed,5dbfc9d12a8c4fc3,5dbfc9d12a8c4fc3,29.133826,24.072253,,True
unblocked_rank1,dp_equality,pp,512,20260823,completed,completed,5dbfc9d12a8c4fc3,5dbfc9d12a8c4fc3,28.864776,24.05,,True
unblocked_rank1,dp_equality,dp,128,7,completed,completed,16711e3353d6dc42,16711e3353d6dc42,6.449434,5.122994,,True
unblocked_rank1,dp_equality,dp,128,20260823,completed,completed,16711e3353d6dc42,16711e3353d6dc42,6.432428,5.080493,,True
unblocked_rank1,dp_equality,dp,256,7,completed,completed,22680bbb158ceb42,22680bbb158ceb42,13.347207,10.927038,,True
unblocked_rank1,dp_equality,dp,256,20260823,completed,completed,22680bbb158ceb42,22680bbb158ceb42,13.503071,10.693466,,True
unblocked_rank1,dp_equality,dp,320,7,completed,completed,3e33200711ff4992,3e33200711ff4992,17.508882,13.769095,,True
unblocked_rank1,dp_equality,dp,320,20260823,completed,completed,3e33200711ff4992,3e33200711ff4992,17.02431,13.745188,,True
unblocked_rank1,dp_equality,dp,512,7,completed,completed,ef29d69cb3a42f12,ef29d69cb3a42f12,28.778385,24.142834,,True
unblocked_rank1,dp_equality,dp,512,20260823,completed,completed,ef29d69cb3a42f12,ef29d69cb3a42f12,29.13082,24.110553,,True
unblocked_rank1,dp_equality,gp,128,7,completed,completed,fb36ea599535c0b2,fb36ea599535c0b2,6.466353,5.085212,,True
unblocked_rank1,dp_equality,gp,128,20260823,completed,completed,fb36ea599535c0b2,fb36ea599535c0b2,6.63579,5.072141,,True
unblocked_rank1,dp_equality,gp,256,7,completed,completed,05583b50700041b2,05583b50700041b2,13.695968,10.792617,,True
unblocked_rank1,dp_equality,gp,256,20260823,completed,completed,05583b50700041b2,05583b50700041b2,13.431706,10.731017,,True
unblocked_rank1,dp_equality,gp,320,7,completed,completed,cf877083a3fda482,cf877083a3fda482,17.349433,14.337739,,True
unblocked_rank1,dp_equality,gp,320,20260823,completed,completed,cf877083a3fda482,cf877083a3fda482,17.17066,13.868448,,True
unblocked_rank1,dp_equality,gp,512,7,completed,completed,53f6fb7f08c7e782,53f6fb7f08c7e782,29.601838,24.359123,,True
unblocked_rank1,dp_equality,gp,512,20260823,completed,completed,53f6fb7f08c7e782,53f6fb7f08c7e782,29.080302,24.05884,,True
unblocked_rank1,dp_equality,scap,128,7,completed,completed,343307aaf1024793,343307aaf1024793,8.505019,5.164909,,True
unblocked_rank1,dp_equality,scap,128,20260823,completed,completed,343307aaf1024793,343307aaf1024793,8.405398,5.035624,,True
unblocked_rank1,dp_equality,scap,256,7,completed,completed,b63aba409a08a793,b63aba409a08a793,17.420017,10.786875,,True
unblocked_rank1,dp_equality,scap,256,20260823,completed,completed,b63aba409a08a793,b63aba409a08a793,17.114917,10.72981,,True
unblocked_rank1,dp_equality,scap,320,7,completed,completed,adb78ed6998ce443,adb78ed6998ce443,21.942035,13.770494,,True
unblocked_rank1,dp_equality,scap,320,20260823,completed,completed,adb78ed6998ce443,adb78ed6998ce443,22.116039,13.733358,,True
unblocked_rank1,dp_equality,scap,512,7,completed,completed,5dbfc9d12a8c4fc3,5dbfc9d12a8c4fc3,36.884472,24.111232,,True
unblocked_rank1,dp_equality,scap,512,20260823,completed,completed,5dbfc9d12a8c4fc3,5dbfc9d12a8c4fc3,36.843579,24.208655,,True
unblocked_rank1,dp_equality,rp,128,7,completed,completed,16711e3353d6dc42,16711e3353d6dc42,7.388974,5.268707,,True
unblocked_rank1,dp_equality,rp,128,20260823,completed,completed,16711e3353d6dc42,16711e3353d6dc42,7.486092,5.27366,,True
unblocked_rank1,dp_equality,rp,256,7,completed,completed,22680bbb158ceb42,22680bbb158ceb42,15.660254,10.512773,,True
unblocked_rank1,dp_equality,rp,256,20260823,completed,completed,22680bbb158ceb42,22680bbb158ceb42,15.346672,11.399535,,True
unblocked_rank1,dp_equality,rp,320,7,completed,completed,3e33200711ff4992,3e33200711ff4992,20.175438,14.353379,,True
unblocked_rank1,dp_equality,rp,320,20260823,completed,completed,3e33200711ff4992,3e33200711ff4992,25.098337,14.374551,,True
unblocked_rank1,dp_equality,rp,512,7,completed,completed,ef29d69cb3a42f12,ef29d69cb3a42f12,33.86233,25.5249,,True
unblocked_rank1,dp_equality,rp,512,20260823,completed,completed,ef29d69cb3a42f12,ef29d69cb3a42f12,33.605146,25.09312,,True
unblocked_rank1,dp_equality,cp,128,7,completed,completed,f4b20593d347f342,f4b20593d347f342,11.55397,5.046421,,True
unblocked_rank1,dp_equality,cp,128,20260823,completed,completed,f4b20593d347f342,f4b20593d347f342,11.4815,5.127787,,True
unblocked_rank1,dp_equality,cp,256,7,completed,completed,56cc0aca83638742,56cc0aca83638742,43.050843,10.875271,,True
unblocked_rank1,dp_equality,cp,256,20260823,completed,completed,56cc0aca83638742,56cc0aca83638742,43.267331,10.820609,,True
unblocked_rank1,dp_equality,cp,320,7,completed,completed,284eba3915f3adc2,284eba3915f3adc2,73.464257,13.787204,,True
unblocked_rank1,dp_equality,cp,320,20260823,completed,completed,284eba3915f3adc2,284eba3915f3adc2,74.291998,13.729823,,True
unblocked_rank1,dp_equality,cp,512,7,completed,completed,2b6d441f24527742,2b6d441f24527742,248.250656,24.239764,,True
unblocked_rank1,dp_equality,cp,512,20260823,completed,completed,2b6d441f24527742,2b6d441f24527742,247.142452,24.153464,,True
unblocked_rank1,dp_equality,scpp,128,7,completed,completed,fb36ea599535c0b2,fb36ea599535c0b2,6.46214,5.091527,,True
unblocked_rank1,dp_equality,scpp,128,20260823,completed,completed,fb36ea599535c0b2,fb36ea599535c0b2,6.481228,5.085909,,True
unblocked_rank1,dp_equality,scpp,256,7,completed,completed,05583b50700041b2,05583b50700041b2,13.229272,10.900709,,True
unblocked_rank1,dp_equality,scpp,256,20260823,completed,completed,05583b50700041b2,05583b50700041b2,13.268304,10.755515,,True
unblocked_rank1,dp_equality,scpp,320,7,completed,completed,cf877083a3fda482,cf877083a3fda482,16.968259,13.899234,,True
unblocked_rank1,dp_equality,scpp,320,20260823,completed,completed,cf877083a3fda482,cf877083a3fda482,16.973623,13.842982,,True
unblocked_rank1,dp_equality,scpp,512,7,completed,completed,53f6fb7f08c7e782,53f6fb7f08c7e782,28.886133,24.319896,,True
unblocked_rank1,dp_equality,scpp,512,20260823,completed,completed,53f6fb7f08c7e782,53f6fb7f08c7e782,28.777322,24.270203,,True
unblocked_rank1,scap_last,pp,128,7,completed,completed,343307aaf1024793,343307aaf1024793,6.414792,5.065788,,True
unblocked_rank1,scap_last,pp,128,20260823,completed,completed,343307aaf1024793,343307aaf1024793,6.464577,5.028284,,True
unblocked_rank1,scap_last,pp,256,7,completed,completed,b63aba409a08a793,b63aba409a08a793,13.181803,10.668533,,True
unblocked_rank1,scap_last,pp,256,20260823,completed,completed,b63aba409a08a793,b63aba409a08a793,13.166583,10.794505,,True
unblocked_rank1,scap_last,pp,320,7,completed,completed,adb78ed6998ce443,adb78ed6998ce443,17.039814,13.779977,,True
unblocked_rank1,scap_last,pp,320,20260823,completed,completed,adb78ed6998ce443,adb78ed6998ce443,16.994476,13.821413,,True
unblocked_rank1,scap_last,pp,512,7,completed,completed,5dbfc9d12a8c4fc3,5dbfc9d12a8c4fc3,29.035299,24.201313,,True
unblocked_rank1,scap_last,pp,512,20260823,completed,completed,5dbfc9d12a8c4fc3,5dbfc9d12a8c4fc3,29.068311,24.159902,,True
unblocked_rank1,scap_last,dp,128,7,completed,completed,343307aaf1024793,343307aaf1024793,6.347295,5.048792,,True
unblocked_rank1,scap_last,dp,128,20260823,completed,completed,343307aaf1024793,343307aaf1024793,6.630085,5.132147,,True
unblocked_rank1,scap_last,dp,256,7,completed,completed,b63aba409a08a793,b63aba409a08a793,13.336062,10.793026,,True
unblocked_rank1,scap_last,dp,256,20260823,completed,completed,b63aba409a08a793,b63aba409a08a793,15.329135,10.878912,,True
unblocked_rank1,scap_last,dp,320,7,completed,completed,adb78ed6998ce443,adb78ed6998ce443,16.958236,13.836941,,True
unblocked_rank1,scap_last,dp,320,20260823,completed,completed,adb78ed6998ce443,adb78ed6998ce443,17.332803,13.786508,,True
unblocked_rank1,scap_last,dp,512,7,completed,completed,5dbfc9d12a8c4fc3,5dbfc9d12a8c4fc3,28.525039,24.230177,,True
unblocked_rank1,scap_last,dp,512,20260823,completed,completed,5dbfc9d12a8c4fc3,5dbfc9d12a8c4fc3,29.041484,24.187882,,True
unblocked_rank1,scap_last,gp,128,7,completed,completed,343307aaf1024793,343307aaf1024793,6.647566,5.055314,,True
unblocked_rank1,scap_last,gp,128,20260823,completed,completed,343307aaf1024793,343307aaf1024793,6.420839,4.473986,,True
unblocked_rank1,scap_last,gp,256,7,completed,completed,b63aba409a08a793,b63aba409a08a793,13.244986,10.733338,,True
unblocked_rank1,scap_last,gp,256,20260823,completed,completed,b63aba409a08a793,b63aba409a08a793,13.297144,10.739311,,True
unblocked_rank1,scap_last,gp,320,7,completed,completed,adb78ed6998ce443,adb78ed6998ce443,17.020412,13.747595,,True
unblocked_rank1,scap_last,gp,320,20260823,completed,completed,adb78ed6998ce443,adb78ed6998ce443,17.10039,14.099656,,True
unblocked_rank1,scap_last,gp,512,7,completed,completed,5dbfc9d12a8c4fc3,5dbfc9d12a8c4fc3,29.408688,24.07074,,True
unblocked_rank1,scap_last,gp,512,20260823,completed,completed,5dbfc9d12a8c4fc3,5dbfc9d12a8c4fc3,29.270381,24.146316,,True
unblocked_rank1,scap_last,scap,128,7,completed,completed,f7acccaa16e9b48f,f7acccaa16e9b48f,8.410658,5.079499,,True
unblocked_rank1,scap_last,scap,128,20260823,completed,completed,f7acccaa16e9b48f,f7acccaa16e9b48f,8.486856,5.020697,,True
unblocked_rank1,scap_last,scap,256,7,completed,completed,96d5c2b0fefa398f,96d5c2b0fefa398f,17.315539,10.772551,,True
unblocked_rank1,scap_last,scap,256,20260823,completed,completed,96d5c2b0fefa398f,96d5c2b0fefa398f,17.517593,10.831689,,True
unblocked_rank1,scap_last,scap,320,7,completed,completed,263fe2967ba72408,263fe2967ba72408,22.074045,13.783209,,True
unblocked_rank1,scap_last,scap,320,20260823,completed,completed,263fe2967ba72408,263fe2967ba72408,21.982497,13.781729,,True
unblocked_rank1,scap_last,scap,512,7,completed,completed,77af8c3f4f334cd8,77af8c3f4f334cd8,36.928583,24.202692,,True
unblocked_rank1,scap_last,scap,512,20260823,completed,completed,77af8c3f4f334cd8,77af8c3f4f334cd8,37.24224,24.065538,,True
unblocked_rank1,scap_last,rp,128,7,completed,completed,985ed10c3027511e,985ed10c3027511e,7.478991,5.3387,,True
unblocked_rank1,scap_last,rp,128,20260823,completed,completed,985ed10c3027511e,985ed10c3027511e,8.687551,5.301344,,True
unblocked_rank1,scap_last,rp,256,7,completed,completed,805a0ad753197e9e,805a0ad753197e9e,15.553554,11.340307,,True
unblocked_rank1,scap_last,rp,256,20260823,completed,completed,805a0ad753197e9e,805a0ad753197e9e,15.477448,11.31616,,True
unblocked_rank1,scap_last,rp,320,7,completed,completed,ccff951ee13fff99,ccff951ee13fff99,19.887785,14.470179,,True
unblocked_rank1,scap_last,rp,320,20260823,completed,completed,ccff951ee13fff99,ccff951ee13fff99,19.577655,14.344913,,True
unblocked_rank1,scap_last,rp,512,7,completed,completed,f491abea11d368d9,f491abea11d368d9,34.087818,25.035855,,True
unblocked_rank1,scap_last,rp,512,20260823,completed,completed,f491abea11d368d9,f491abea11d368d9,33.727564,24.679862,,True
unblocked_rank1,scap_last,cp,128,7,completed,completed,e750102b97a4e50f,e750102b97a4e50f,11.522957,5.010828,,True
unblocked_rank1,scap_last,cp,128,20260823,completed,completed,e750102b97a4e50f,e750102b97a4e50f,11.520986,5.071955,,True
unblocked_rank1,scap_last,cp,256,7,completed,completed,c079ff20af6da88f,c079ff20af6da88f,56.348359,10.788192,,True
unblocked_rank1,scap_last,cp,256,20260823,completed,completed,c079ff20af6da88f,c079ff20af6da88f,43.033242,10.907685,,True
unblocked_rank1,scap_last,cp,320,7,completed,completed,e10c42cfacd43718,e10c42cfacd43718,72.974707,13.89424,,True
unblocked_rank1,scap_last,cp,320,20260823,completed,completed,e10c42cfacd43718,e10c42cfacd43718,72.251306,13.732028,,True
unblocked_rank1,scap_last,cp,512,7,completed,completed,6e58c9c0d0ee2a58,6e58c9c0d0ee2a58,247.303126,23.877702,,True
unblocked_rank1,scap_last,cp,512,20260823,completed,completed,6e58c9c0d0ee2a58,6e58c9c0d0ee2a58,247.230105,23.973096,,True
unblocked_rank1,scap_last,scpp,128,7,completed,completed,343307aaf1024793,343307aaf1024793,6.613728,5.153126,,True
unblocked_rank1,scap_last,scpp,128,20260823,completed,completed,343307aaf1024793,343307aaf1024793,7.587894,5.044594,,True
unblocked_rank1,scap_last,scpp,256,7,completed,completed,b63aba409a08a793,b63aba409a08a793,13.247314,10.790838,,True
unblocked_rank1,scap_last,scpp,256,20260823,completed,completed,b63aba409a08a793,b63aba409a08a793,13.514304,10.853807,,True
unblocked_rank1,scap_last,scpp,320,7,completed,completed,adb78ed6998ce443,adb78ed6998ce443,17.006986,13.845359,,True
unblocked_rank1,scap_last,scpp,320,20260823,completed,completed,adb78ed6998ce443,adb78ed6998ce443,17.051066,14.021725,,True
unblocked_rank1,scap_last,scpp,512,7,completed,completed,5dbfc9d12a8c4fc3,5dbfc9d12a8c4fc3,28.924485,24.125907,,True
unblocked_rank1,scap_last,scpp,512,20260823,completed,completed,5dbfc9d12a8c4fc3,5dbfc9d12a8c4fc3,28.763403,24.377848,,True
unblocked_rank1,gp_second,pp,128,7,completed,completed,343307aaf1024793,343307aaf1024793,6.465236,5.085171,,True
unblocked_rank1,gp_second,pp,128,20260823,completed,completed,343307aaf1024793,343307aaf1024793,6.502249,5.023366,,True
unblocked_rank1,gp_second,pp,256,7,completed,completed,b63aba409a08a793,b63aba409a08a793,13.370711,10.784977,,True
unblocked_rank1,gp_second,pp,256,20260823,completed,completed,b63aba409a08a793,b63aba409a08a793,13.196724,10.773179,,True
unblocked_rank1,gp_second,pp,320,7,completed,completed,adb78ed6998ce443,adb78ed6998ce443,17.358221,14.157725,,True
unblocked_rank1,gp_second,pp,320,20260823,completed,completed,adb78ed6998ce443,adb78ed6998ce443,17.110549,13.713898,,True
unblocked_rank1,gp_second,pp,512,7,completed,completed,5dbfc9d12a8c4fc3,5dbfc9d12a8c4fc3,28.768609,24.126337,,True
unblocked_rank1,gp_second,pp,512,20260823,completed,completed,5dbfc9d12a8c4fc3,5dbfc9d12a8c4fc3,29.081013,22.252721,,True
unblocked_rank1,gp_second,dp,128,7,completed,completed,16711e3353d6dc42,16711e3353d6dc42,6.479945,5.069117,,True
unblocked_rank1,gp_second,dp,128,20260823,completed,completed,16711e3353d6dc42,16711e3353d6dc42,6.478994,5.165096,,True
unblocked_rank1,gp_second,dp,256,7,completed,completed,22680bbb158ceb42,22680bbb158ceb42,13.289889,10.806288,,True
unblocked_rank1,gp_second,dp,256,20260823,completed,completed,22680bbb158ceb42,22680bbb158ceb42,13.328809,10.820289,,True
unblocked_rank1,gp_second,dp,320,7,completed,completed,3e33200711ff4992,3e33200711ff4992,17.095959,13.867031,,True
unblocked_rank1,gp_second,dp,320,20260823,completed,completed,3e33200711ff4992,3e33200711ff4992,17.384458,13.837178,,True
unblocked_rank1,gp_second,dp,512,7,completed,completed,ef29d69cb3a42f12,ef29d69cb3a42f12,28.996487,23.599162,,True
unblocked_rank1,gp_second,dp,512,20260823,completed,completed,ef29d69cb3a42f12,ef29d69cb3a42f12,28.988469,24.098327,,True
unblocked_rank1,gp_second,gp,128,7,completed,completed,fb36ea599535c0b2,fb36ea599535c0b2,6.466416,5.127842,,True
unblocked_rank1,gp_second,gp,128,20260823,completed,completed,fb36ea599535c0b2,fb36ea599535c0b2,6.589486,5.011293,,True
unblocked_rank1,gp_second,gp,256,7,completed,completed,05583b50700041b2,05583b50700041b2,13.260665,10.922269,,True
unblocked_rank1,gp_second,gp,256,20260823,completed,completed,05583b50700041b2,05583b50700041b2,15.40115,10.781794,,True
unblocked_rank1,gp_second,gp,320,7,completed,completed,cf877083a3fda482,cf877083a3fda482,17.748221,13.927277,,True
unblocked_rank1,gp_second,gp,320,20260823,completed,completed,cf877083a3fda482,cf877083a3fda482,17.046871,13.834013,,True
unblocked_rank1,gp_second,gp,512,7,completed,completed,53f6fb7f08c7e782,53f6fb7f08c7e782,28.801287,24.178457,,True
unblocked_rank1,gp_second,gp,512,20260823,completed,completed,53f6fb7f08c7e782,53f6fb7f08c7e782,28.685318,24.580195,,True
unblocked_rank1,gp_second,scap,128,7,completed,completed,343307aaf1024793,343307aaf1024793,8.466313,5.011991,,True
unblocked_rank1,gp_second,scap,128,20260823,completed,completed,343307aaf1024793,343307aaf1024793,8.415287,5.076342,,True
unblocked_rank1,gp_second,scap,256,7,completed,completed,b63aba409a08a793,b63aba409a08a793,17.235284,10.85278,,True
unblocked_rank1,gp_second,scap,256,20260823,completed,completed,b63aba409a08a793,b63aba409a08a793,17.140214,10.945314,,True
unblocked_rank1,gp_second,scap,320,7,completed,completed,adb78ed6998ce443,adb78ed6998ce443,21.84041,13.93771,,True
unblocked_rank1,gp_second,scap,320,20260823,completed,completed,adb78ed6998ce443,adb78ed6998ce443,21.844445,13.81954,,True
unblocked_rank1,gp_second,scap,512,7,completed,completed,5dbfc9d12a8c4fc3,5dbfc9d12a8c4fc3,36.788535,24.06261,,True
unblocked_rank1,gp_second,scap,512,20260823,completed,completed,5dbfc9d12a8c4fc3,5dbfc9d12a8c4fc3,36.645566,24.233936,,True
unblocked_rank1,gp_second,rp,128,7,completed,completed,16711e3353d6dc42,16711e3353d6dc42,7.461163,5.285921,,True
unblocked_rank1,gp_second,rp,128,20260823,completed,completed,16711e3353d6dc42,16711e3353d6dc42,7.771696,5.29651,,True
unblocked_rank1,gp_second,rp,256,7,completed,completed,22680bbb158ceb42,22680bbb158ceb42,15.669383,11.218284,,True
unblocked_rank1,gp_second,rp,256,20260823,completed,completed,22680bbb158ceb42,22680bbb158ceb42,15.553565,11.264271,,True
unblocked_rank1,gp_second,rp,320,7,completed,completed,3e33200711ff4992,3e33200711ff4992,19.770479,14.599126,,True
unblocked_rank1,gp_second,rp,320,20260823,completed,completed,3e33200711ff4992,3e33200711ff4992,19.996796,14.470303,,True
unblocked_rank1,gp_second,rp,512,7,completed,completed,ef29d69cb3a42f12,ef29d69cb3a42f12,33.930012,24.965092,,True
unblocked_rank1,gp_second,rp,512,20260823,completed,completed,ef29d69cb3a42f12,ef29d69cb3a42f12,33.906193,25.588879,,True
unblocked_rank1,gp_second,cp,128,7,completed,completed,f4b20593d347f342,f4b20593d347f342,11.554828,5.157676,,True
unblocked_rank1,gp_second,cp,128,20260823,completed,completed,f4b20593d347f342,f4b20593d347f342,11.619629,5.262557,,True
unblocked_rank1,gp_second,cp,256,7,completed,completed,56cc0aca83638742,56cc0aca83638742,43.855885,10.860363,,True
unblocked_rank1,gp_second,cp,256,20260823,completed,completed,56cc0aca83638742,56cc0aca83638742,43.134928,10.816184,,True
unblocked_rank1,gp_second,cp,320,7,completed,completed,284eba3915f3adc2,284eba3915f3adc2,73.248092,13.815226,,True
unblocked_rank1,gp_second,cp,320,20260823,completed,completed,284eba3915f3adc2,284eba3915f3adc2,74.02135,13.737413,,True
unblocked_rank1,gp_second,cp,512,7,completed,completed,2b6d441f24527742,2b6d441f24527742,247.846235,24.069723,,True
unblocked_rank1,gp_second,cp,512,20260823,completed,completed,2b6d441f24527742,2b6d441f24527742,250.001965,24.263538,,True
unblocked_rank1,gp_second,scpp,128,7,completed,completed,fb36ea599535c0b2,fb36ea599535c0b2,6.534423,5.103289,,True
unblocked_rank1,gp_second,scpp,128,20260823,completed,completed,fb36ea599535c0b2,fb36ea599535c0b2,6.481605,5.103733,,True
unblocked_rank1,gp_second,scpp,256,7,completed,completed,05583b50700041b2,05583b50700041b2,13.264713,10.837944,,True
unblocked_rank1,gp_second,scpp,256,20260823,completed,completed,05583b50700041b2,05583b50700041b2,13.208924,11.870973,,True
unblocked_rank1,gp_second,scpp,320,7,completed,completed,cf877083a3fda482,cf877083a3fda482,17.058943,13.894629,,True
unblocked_rank1,gp_second,scpp,320,20260823,completed,completed,cf877083a3fda482,cf877083a3fda482,17.200027,13.947991,,True
unblocked_rank1,gp_second,scpp,512,7,completed,completed,53f6fb7f08c7e782,53f6fb7f08c7e782,28.926742,24.221509,,True
unblocked_rank1,gp_second,scpp,512,20260823,completed,completed,53f6fb7f08c7e782,53f6fb7f08c7e782,28.904138,24.46718,,True
