family,n,panel_width,variant,u12_schedule,samples,completed_count,accepted_count,nonfinite_run_count,panels_observed_count,panels_observed_min,panels_observed_p10,panels_observed_median,panels_observed_p90,panels_observed_max,factorization_ms_count,factorization_ms_min,factorization_ms_p10,factorization_ms_median,factorization_ms_p90,factorization_ms_max,scale_ms_count,scale_ms_min,scale_ms_p10,scale_ms_median,scale_ms_p90,scale_ms_max,oracle_scan_ms_count,oracle_scan_ms_min,oracle_scan_ms_p10,oracle_scan_ms_median,oracle_scan_ms_p90,oracle_scan_ms_max,reconstruction_relative_residual_count,reconstruction_relative_residual_min,reconstruction_relative_residual_p10,reconstruction_relative_residual_median,reconstruction_relative_residual_p90,reconstruction_relative_residual_max,total_scaled_elements_count,total_scaled_elements_min,total_scaled_elements_p10,total_scaled_elements_median,total_scaled_elements_p90,total_scaled_elements_max,subnormal_outputs_count,subnormal_outputs_min,subnormal_outputs_p10,subnormal_outputs_median,subnormal_outputs_p90,subnormal_outputs_max,flushed_to_zero_count,flushed_to_zero_min,flushed_to_zero_p10,flushed_to_zero_median,flushed_to_zero_p90,flushed_to_zero_max,nonfinite_values_count,nonfinite_values_min,nonfinite_values_p10,nonfinite_values_median,nonfinite_values_p90,nonfinite_values_max
graded,10240,128,predictive,rankwise,3,3,3,0,3,80.0,80.0,80.0,80.0,80.0,3,699.2753295898438,699.2958129882812,699.3777465820312,699.3833129882813,699.3847045898438,3,0.8438079953193665,0.8442111968994142,0.8458240032196045,0.8613887786865235,0.8652799725532532,3,25.665664672851562,25.66649627685547,25.669822692871094,25.678787231445312,25.681028366088867,3,0.00014201418239397027,0.0001734842930066645,0.00029936473545744136,0.0003810074459619238,0.00040141812358804443,3,0.0,0.0,0.0,0.0,0.0,3,0.0,0.0,0.0,0.0,0.0,3,0.0,0.0,0.0,0.0,0.0,3,0.0,0.0,0.0,0.0,0.0
graded,1024,64,predictive,rankwise,3,3,3,0,3,16.0,16.0,16.0,16.0,16.0,3,21.107776641845703,21.11185989379883,21.128192901611328,21.143807220458985,21.1477108001709,3,0.04198399931192398,0.04239359945058823,0.04403200000524521,0.045670400559902194,0.04608000069856644,3,0.16592000424861908,0.1661248028278351,0.1669439971446991,0.16853118538856504,0.16892798244953156,3,3.4494429170864895e-05,3.6691936160243074e-05,4.5481964117755765e-05,9.608858323197459e-05,0.0001087402380105293,3,0.0,0.0,0.0,0.0,0.0,3,0.0,0.0,0.0,0.0,0.0,3,0.0,0.0,0.0,0.0,0.0,3,0.0,0.0,0.0,0.0,0.0
graded,20480,512,predictive,rankwise,3,3,3,0,3,40.0,40.0,40.0,40.0,40.0,3,4702.615234375,4702.77900390625,4703.43408203125,4710.41767578125,4712.16357421875,3,2.2763519287109375,2.27839994430542,2.2865920066833496,2.3152640342712405,2.322432041168213,3,34.16883087158203,34.169247436523435,34.17091369628906,34.172604370117185,34.17302703857422,3,0.0001626603782860111,0.00017285105334906767,0.00021361375360129387,0.0002776888608572136,0.0002937076376711935,3,0.0,0.0,0.0,0.0,0.0,3,0.0,0.0,0.0,0.0,0.0,3,0.0,0.0,0.0,0.0,0.0,3,0.0,0.0,0.0,0.0,0.0
graded,2048,64,predictive,rankwise,3,3,3,0,3,32.0,32.0,32.0,32.0,32.0,3,46.327796936035156,46.33169097900391,46.347267150878906,46.38084869384765,46.389244079589844,3,0.1372160017490387,0.1374208003282547,0.1382399946451187,0.14397439062595366,0.14540798962116241,3,0.9021759629249573,0.9023807287216187,0.9031997919082642,0.913849425315857,0.9165118336677551,3,6.52717807467399e-05,6.763064883885924e-05,7.706612120733655e-05,0.00010499968996137146,0.00011198308214988018,3,0.0,0.0,0.0,0.0,0.0,3,0.0,0.0,0.0,0.0,0.0,3,0.0,0.0,0.0,0.0,0.0,3,0.0,0.0,0.0,0.0,0.0
graded,256,64,predictive,rankwise,3,3,3,0,3,4.0,4.0,4.0,4.0,4.0,3,5.21727991104126,5.21850872039795,5.223423957824707,5.225062370300293,5.2254719734191895,3,0.01945600099861622,0.019462400674819948,0.019487999379634857,0.02110079973936081,0.021503999829292297,3,0.01945600099861622,0.019654400646686554,0.020447999238967896,0.021292799711227415,0.021503999829292297,3,4.920545545239463e-05,5.205167140736642e-05,6.343653522725357e-05,6.706976988482102e-05,6.797807854921289e-05,3,0.0,0.0,0.0,0.0,0.0,3,0.0,0.0,0.0,0.0,0.0,3,0.0,0.0,0.0,0.0,0.0,3,0.0,0.0,0.0,0.0,0.0
graded,30720,1024,predictive,rankwise,3,3,3,0,3,30.0,30.0,30.0,30.0,30.0,3,16082.416015625,16082.968750000002,16085.1796875,16093.03125,16094.994140625,3,4.8363518714904785,4.846387100219727,4.886528015136719,4.9070079803466795,4.91212797164917,3,51.5953254699707,51.59552841186523,51.59634017944336,51.60202560424805,51.60344696044922,3,0.0003163074769333113,0.00035865263187547436,0.0005280332516441265,0.0005362228546344259,0.0005382702553820007,3,0.0,0.0,0.0,0.0,0.0,3,0.0,0.0,0.0,0.0,0.0,3,0.0,0.0,0.0,0.0,0.0,3,0.0,0.0,0.0,0.0,0.0
graded,40960,1024,predictive,rankwise,3,3,3,0,3,40.0,40.0,40.0,40.0,40.0,3,35148.7421875,35148.7921875,35148.9921875,35150.2984375,35150.625,3,8.202239990234375,8.267775917053223,8.529919624328613,8.812569618225098,8.883232116699219,3,119.9493637084961,119.94976348876953,119.95136260986328,119.95223541259766,119.95245361328125,3,0.00024003172726512318,0.0002781593971747481,0.00043067007681324773,0.0005688317066028663,0.0006033721140502709,3,0.0,0.0,0.0,0.0,0.0,3,0.0,0.0,0.0,0.0,0.0,3,0.0,0.0,0.0,0.0,0.0,3,0.0,0.0,0.0,0.0,0.0
graded,4096,64,predictive,rankwise,3,3,3,0,3,64.0,64.0,64.0,64.0,64.0,3,119.5582046508789,119.56351928710939,119.58477783203125,119.59389038085938,119.5961685180664,3,0.2734079957008362,0.2736127972602844,0.2744320034980774,0.27525118589401243,0.2754559814929962,3,6.329471588134766,6.331097412109376,6.3376007080078125,6.339212036132812,6.3396148681640625,3,9.364738781139502e-05,0.0001064566381382404,0.00015769363944562187,0.0001849203121242425,0.00019172698029389765,3,0.0,0.0,0.0,0.0,0.0,3,0.0,0.0,0.0,0.0,0.0,3,0.0,0.0,0.0,0.0,0.0,3,0.0,0.0,0.0,0.0,0.0
graded,51200,1024,predictive,rankwise,3,3,3,0,3,50.0,50.0,50.0,50.0,50.0,3,63966.26171875,63966.353906250006,63966.72265625,63967.61640625,63967.83984375,3,13.976576805114746,13.980263137817383,13.99500846862793,14.037607192993164,14.048256874084473,3,234.84217834472656,234.84770812988285,234.8698272705078,234.88786926269532,234.8923797607422,3,0.0004605515631359285,0.0004679347727379865,0.0004974676111462184,0.0005131630805487841,0.0005170869478994256,3,0.0,0.0,0.0,0.0,0.0,3,0.0,0.0,0.0,0.0,0.0,3,0.0,0.0,0.0,0.0,0.0,3,0.0,0.0,0.0,0.0,0.0
graded,512,64,predictive,rankwise,3,3,3,0,3,8.0,8.0,8.0,8.0,8.0,3,10.913761138916016,10.914580154418946,10.917856216430664,10.943277359008789,10.94963264465332,3,0.025568000972270966,0.025779200717806816,0.026623999699950218,0.02746879868209362,0.02767999842762947,3,0.05017600208520889,0.05018240213394165,0.05020800232887268,0.05509759783744812,0.05631999671459198,3,4.736709498891807e-05,4.9229594744011803e-05,5.667959376438672e-05,5.9999502476273534e-05,6.082947965424523e-05,3,0.0,0.0,0.0,0.0,0.0,3,0.0,0.0,0.0,0.0,0.0,3,0.0,0.0,0.0,0.0,0.0,3,0.0,0.0,0.0,0.0,0.0
graded,61440,1024,predictive,rankwise,3,3,3,0,3,60.0,60.0,60.0,60.0,60.0,3,108107.8046875,108108.47656250001,108111.1640625,108117.5640625,108119.1640625,3,15.988736152648926,16.041574478149414,16.252927780151367,16.312728500366212,16.327678680419922,3,407.82647705078125,407.8272705078125,407.8304443359375,407.859912109375,407.8672790527344,3,0.0003032320408460354,0.0003861444830597498,0.0007177942519146072,0.0009051256191675186,0.0009519584609807464,3,0.0,0.0,0.0,0.0,0.0,3,0.0,0.0,0.0,0.0,0.0,3,0.0,0.0,0.0,0.0,0.0,3,0.0,0.0,0.0,0.0,0.0
graded,8192,128,predictive,rankwise,3,3,3,0,3,64.0,64.0,64.0,64.0,64.0,3,415.15216064453125,415.1548278808594,415.1654968261719,415.2073669433594,415.21783447265625,3,0.574463963508606,0.5746687769889832,0.5754880309104919,0.5779456019401551,0.5785599946975708,3,15.748188972473145,15.748387718200684,15.74918270111084,15.75158977508545,15.752191543579102,3,0.00019520349893825236,0.00019559139043985916,0.00019714295644628624,0.0003488813084176229,0.0003868158964104571,3,0.0,0.0,0.0,0.0,0.0,3,0.0,0.0,0.0,0.0,0.0,3,0.0,0.0,0.0,0.0,0.0,3,0.0,0.0,0.0,0.0,0.0
graded_wide,10240,128,oracle,serial,3,0,0,3,3,1.0,1.0,1.0,1.0,1.0,3,19.973119735717773,20.156620407104494,20.890623092651367,20.901273727416992,20.9039363861084,3,0.0,0.0,0.0,0.0,0.0,3,0.7587839961051941,0.7641023993492126,0.7853760123252869,0.7870399832725525,0.7874559760093689,0,,,,,,3,0.0,0.0,0.0,0.0,0.0,3,0.0,0.0,0.0,0.0,0.0,3,0.0,0.0,0.0,0.0,0.0,3,0.0,0.0,0.0,0.0,0.0
graded_wide,10240,128,predictive,rankwise,3,3,3,0,3,80.0,80.0,80.0,80.0,80.0,3,882.8892211914062,883.1287109375,884.086669921875,887.311328125,888.1174926757812,3,0.8488959670066833,0.8491007685661316,0.8499199748039246,0.8507391810417175,0.8509439826011658,3,25.67891502380371,25.679335784912112,25.681018829345703,25.730123138427736,25.742399215698242,3,0.25692626155133585,0.2673846289240668,0.3092180984149906,0.46795982295665073,0.5076452540920657,3,178565120.0,178583552.0,178657280.0,179066880.0,179169280.0,3,42.0,44.6,55.0,55.0,55.0,3,0.0,0.0,0.0,0.0,0.0,3,0.0,0.0,0.0,0.0,0.0
graded_wide,1024,64,oracle,serial,3,0,0,3,3,2.0,2.0,2.0,2.0,2.0,3,2.0641279220581055,2.0642943382263184,2.06496000289917,2.066163158416748,2.0664639472961426,3,0.030719999223947525,0.03071999922394753,0.030719999223947525,0.03153919950127602,0.03174399957060814,3,0.043007999658584595,0.04320639967918396,0.04399999976158142,0.045664000511169436,0.04608000069856644,0,,,,,,3,983040.0,983040.0,983040.0,983040.0,983040.0,3,396462.0,396548.20000000007,396893.0,397881.8,398129.0,3,277681.0,278297.80000000005,280765.0,281129.0,281220.0,3,0.0,0.0,0.0,0.0,0.0
graded_wide,1024,64,predictive,rankwise,3,3,3,0,3,16.0,16.0,16.0,16.0,16.0,3,28.21014404296875,28.220595169067384,28.262399673461914,28.401713943481447,28.436542510986328,3,0.046111997216939926,0.04631039723753929,0.04710399731993675,0.04874239787459374,0.04915199801325798,3,0.1812800019979477,0.18145279884338378,0.18214398622512817,0.18385919332504272,0.18428799510002136,3,0.049631029472437464,0.05406284450655635,0.07179010464303187,0.07850156421483671,0.08017942910778793,3,964608.0,965836.8,970752.0,984678.3999999999,988160.0,3,0.0,0.0,0.0,0.8,1.0,3,0.0,0.0,0.0,0.0,0.0,3,0.0,0.0,0.0,0.0,0.0
graded_wide,20480,512,oracle,serial,3,0,0,3,3,1.0,1.0,1.0,1.0,1.0,3,339.94647216796875,340.0482604980469,340.4554138183594,342.87123413085936,343.4751892089844,3,0.0,0.0,0.0,0.0,0.0,3,2.254848003387451,2.2552576065063477,2.2568960189819336,2.2577152252197266,2.257920026779175,0,,,,,,3,0.0,0.0,0.0,0.0,0.0,3,0.0,0.0,0.0,0.0,0.0,3,0.0,0.0,0.0,0.0,0.0,3,0.0,0.0,0.0,0.0,0.0
graded_wide,20480,512,predictive,rankwise,3,3,1,0,3,40.0,40.0,40.0,40.0,40.0,3,5730.8232421875,5731.55078125,5734.4609375,5736.299218749999,5736.7587890625,3,2.2896640300750732,2.2931456565856934,2.307072162628174,2.3201792716979983,2.323456048965454,3,34.16483688354492,34.16522674560547,34.166786193847656,34.188114929199216,34.19344711303711,3,0.6764510997093178,0.7487314690064014,1.0378529461947354,1.3512400619795764,1.4295868409257866,3,1125232640.0,1125294080.0,1125539840.0,1125720064.0,1125765120.0,3,1939.0,1956.2,2025.0,2038.6,2042.0,3,0.0,0.0,0.0,0.0,0.0,3,0.0,0.0,0.0,0.0,0.0
graded_wide,2048,64,oracle,serial,3,0,0,3,3,1.0,1.2000000000000002,2.0,2.0,2.0,3,1.2615679502487183,1.5014015674591066,2.460736036300659,2.4631425380706786,2.4637441635131836,3,0.0,0.018841600418090822,0.0942080020904541,0.09584640264511109,0.09625600278377533,3,0.0737600028514862,0.08788480162620545,0.1443839967250824,0.1443839967250824,0.1443839967250824,0,,,,,,3,0.0,812646.4,4063232.0,4063232.0,4063232.0,3,0.0,317769.80000000005,1588849.0,1589237.7999999998,1589335.0,3,0.0,246610.0,1233050.0,1248880.4,1252838.0,3,0.0,0.0,0.0,0.0,0.0
graded_wide,2048,64,predictive,rankwise,3,3,3,0,3,32.0,32.0,32.0,32.0,32.0,3,57.1064338684082,57.15435638427735,57.346046447753906,58.0849624633789,58.269691467285156,3,0.1382399946451187,0.1392639935016632,0.1433599889278412,0.14336000084877015,0.14336000382900238,3,0.9031998515129089,0.9033982396125795,0.904191792011261,0.9042430520057678,0.9042558670043945,3,0.0856544683431613,0.08759059140368594,0.0953350836457845,0.09773799945437452,0.09833872840652202,3,4511744.0,4512563.2,4515840.0,4548608.0,4556800.0,3,0.0,0.0,0.0,0.8,1.0,3,0.0,0.0,0.0,0.0,0.0,3,0.0,0.0,0.0,0.0,0.0
graded_wide,256,64,oracle,serial,3,3,3,0,3,4.0,4.0,4.0,4.0,4.0,3,3.284383773803711,3.2904318332672124,3.314624071121216,3.4003326892852783,3.421759843826294,3,0.018432000651955605,0.018432000651955605,0.018432000651955605,0.02007039971649647,0.020479999482631683,3,0.01945600099861622,0.01945600099861622,0.01945600099861622,0.022732800617814065,0.023552000522613525,3,0.00460479936310064,0.004832121861059845,0.005741411852896664,0.00642377939817657,0.006594371284496547,3,81920.0,81920.0,81920.0,81920.0,81920.0,3,39024.0,39026.6,39037.0,39047.399999999994,39050.0,3,5254.0,5263.4,5301.0,5324.2,5330.0,3,0.0,0.0,0.0,0.0,0.0
graded_wide,256,64,predictive,rankwise,3,3,3,0,3,4.0,4.0,4.0,4.0,4.0,3,5.77023983001709,5.780063819885254,5.81935977935791,5.888198280334473,5.905407905578613,3,0.01945600099861622,0.01945600099861622,0.01945600099861622,0.02109440006315708,0.021503999829292297,3,0.01942400075495243,0.01964160054922104,0.02051199972629547,0.02051199972629547,0.02051199972629547,3,0.005909578390767641,0.006145579670731979,0.007089584790589327,0.008236955972356784,0.008523798767798648,3,41216.0,41574.4,43008.0,43008.0,43008.0,3,0.0,0.0,0.0,0.0,0.0,3,0.0,0.0,0.0,0.0,0.0,3,0.0,0.0,0.0,0.0,0.0
graded_wide,30720,1024,oracle,serial,3,0,0,3,3,1.0,1.0,1.0,1.0,1.0,3,1576.8822021484375,1577.2364990234378,1578.6536865234375,1586.6539794921875,1588.654052734375,3,0.0,0.0,0.0,0.0,0.0,3,4.835328102111816,4.836960124969483,4.8434882164001465,4.8443327903747555,4.844543933868408,0,,,,,,3,0.0,0.0,0.0,0.0,0.0,3,0.0,0.0,0.0,0.0,0.0,3,0.0,0.0,0.0,0.0,0.0,3,0.0,0.0,0.0,0.0,0.0
graded_wide,30720,1024,predictive,rankwise,3,3,2,0,3,30.0,30.0,30.0,30.0,30.0,3,19110.76953125,19120.601953125,19159.931640625,19174.089453125,19177.62890625,3,4.857855796813965,4.861542224884033,4.876287937164307,4.946738910675048,4.964351654052734,3,51.61475372314453,51.61476440429688,51.61480712890625,51.62784118652344,51.631099700927734,3,0.7560204767703078,0.7628956087060961,0.7903961364492488,1.3750666735701624,1.5212343078503907,3,3252480000.0,3252891648.0,3254538240.0,3254611968.0,3254630400.0,3,16285.0,16349.4,16607.0,16893.399999999998,16965.0,3,0.0,0.0,0.0,0.0,0.0,3,0.0,0.0,0.0,0.0,0.0
graded_wide,40960,1024,oracle,serial,3,0,0,3,3,1.0,1.0,1.0,1.0,1.0,3,2600.109130859375,2600.264990234375,2600.888427734375,2601.157763671875,2601.22509765625,3,0.0,0.0,0.0,0.0,0.0,3,8.682496070861816,8.682700920104981,8.683520317077637,8.68433895111084,8.68454360961914,0,,,,,,3,0.0,0.0,0.0,0.0,0.0,3,0.0,0.0,0.0,0.0,0.0,3,0.0,0.0,0.0,0.0,0.0,3,0.0,0.0,0.0,0.0,0.0
graded_wide,40960,1024,predictive,rankwise,3,3,0,0,3,40.0,40.0,40.0,40.0,40.0,3,39501.7734375,39503.54765625,39510.64453125,39546.20703125,39555.09765625,3,8.292351722717285,8.334745407104492,8.50432014465332,8.616550064086914,8.644607543945312,3,119.96575927734375,119.96596221923829,119.9667739868164,119.97251739501954,119.97395324707031,3,1.2754308416469562,1.3545586285089861,1.671069775957106,2.2955599588484183,2.4516825045712465,3,6066872320.0,6067642368.0,6070722560.0,6073114624.0,6073712640.0,3,30648.0,30726.2,31039.0,31347.0,31424.0,3,0.0,0.0,0.0,0.8,1.0,3,0.0,0.0,0.0,0.0,0.0
graded_wide,4096,64,oracle,serial,3,0,0,3,3,2.0,2.0,2.0,2.0,2.0,3,4.480128288269043,4.481337833404541,4.486176013946533,4.490271854400635,4.49129581451416,3,0.3543039858341217,0.35430398583412176,0.3543039858341217,0.3551231920719147,0.3553279936313629,3,0.5601279735565186,0.5603327751159668,0.5611519813537598,0.5627903938293457,0.5631999969482422,0,,,,,,3,16515072.0,16515072.000000002,16515072.0,16515072.0,16515072.0,3,6356573.0,6358776.0,6367588.0,6368475.2,6368697.0,3,5233357.0,5238279.0,5257967.0,5299605.399999999,5310015.0,3,0.0,0.0,0.0,0.0,0.0
graded_wide,4096,64,predictive,rankwise,3,3,3,0,3,64.0,64.0,64.0,64.0,64.0,3,154.1273651123047,154.24389953613283,154.7100372314453,155.53912658691405,155.74639892578125,3,0.2734079957008362,0.2736127972602844,0.2744320034980774,0.2818048119544983,0.2836480140686035,3,6.322241306304932,6.322874736785889,6.325408458709717,6.337568569183349,6.340608596801758,3,0.10465107342400534,0.11617472946356311,0.1622693536217942,0.1921877446015537,0.19966734234649355,3,20549632.0,20552908.8,20566016.0,20621721.6,20635648.0,3,0.0,0.2,1.0,1.8,2.0,3,0.0,0.0,0.0,0.0,0.0,3,0.0,0.0,0.0,0.0,0.0
graded_wide,51200,1024,oracle,serial,3,0,0,3,3,1.0,1.0,1.0,1.0,1.0,3,3717.327880859375,3717.41923828125,3717.78466796875,3722.78818359375,3724.0390625,3,0.0,0.0,0.0,0.0,0.0,3,13.784064292907715,13.784678649902345,13.78713607788086,13.787955474853517,13.78816032409668,0,,,,,,3,0.0,0.0,0.0,0.0,0.0,3,0.0,0.0,0.0,0.0,0.0,3,0.0,0.0,0.0,0.0,0.0,3,0.0,0.0,0.0,0.0,0.0
graded_wide,51200,1024,predictive,rankwise,3,3,0,0,3,50.0,50.0,50.0,50.0,50.0,3,69745.1640625,69748.615625,69762.421875,69787.621875,69793.921875,3,13.731840133666992,13.780595207214356,13.975615501403809,13.99686336517334,14.002175331115723,3,234.86265563964844,234.86861267089847,234.89244079589844,234.90957946777343,234.9138641357422,3,1.5114919212600122,1.636389299050741,2.1359788102136554,2.7607719624672593,2.9169702505306603,3,9899622400.0,9900513280.0,9904076800.0,9908254720.0,9909299200.0,3,52439.0,52475.200000000004,52620.0,52693.600000000006,52712.0,3,1.0,1.0,1.0,1.8,2.0,3,0.0,0.0,0.0,0.0,0.0
graded_wide,512,64,oracle,serial,3,0,0,3,3,2.0,2.0,2.0,2.0,2.0,3,1.8114559650421143,1.811916780471802,1.8137600421905518,1.817574453353882,1.8185280561447144,3,0.013311999849975109,0.013516799919307232,0.014336000196635723,0.014336000196635723,0.014336000196635723,3,0.017376000061631203,0.017587199807167053,0.018431998789310455,0.018457598984241486,0.018463999032974243,0,,,,,,3,229376.0,229376.00000000003,229376.0,229376.0,229376.0,3,98939.0,98974.6,99117.0,99285.0,99327.0,3,52489.0,52530.8,52698.0,53617.200000000004,53847.0,3,0.0,0.0,0.0,0.0,0.0
graded_wide,512,64,predictive,rankwise,3,3,3,0,3,8.0,8.0,8.0,8.0,8.0,3,12.62790298461914,12.650853538513184,12.742655754089355,12.742655754089355,12.742655754089355,3,0.02767999842762947,0.027878398448228838,0.028671998530626297,0.030310399085283282,0.030719999223947525,3,0.053247999399900436,0.05366399884223938,0.055327996611595154,0.05691519379615784,0.05731199309229851,3,0.02147905512235651,0.02285051702492108,0.028336364635179342,0.03029445893022132,0.030783982503981816,3,207360.0,207667.2,208896.0,209715.19999999998,209920.0,3,0.0,0.0,0.0,0.0,0.0,3,0.0,0.0,0.0,0.0,0.0,3,0.0,0.0,0.0,0.0,0.0
graded_wide,61440,1024,oracle,serial,3,0,0,3,3,1.0,1.0,1.0,1.0,1.0,3,5149.4501953125,5149.594335937501,5150.1708984375,5150.524023437501,5150.6123046875,3,0.0,0.0,0.0,0.0,0.0,3,20.310016632080078,20.310630798339844,20.313087463378906,20.314726257324217,20.315135955810547,0,,,,,,3,0.0,0.0,0.0,0.0,0.0,3,0.0,0.0,0.0,0.0,0.0,3,0.0,0.0,0.0,0.0,0.0,3,0.0,0.0,0.0,0.0,0.0
graded_wide,61440,1024,predictive,rankwise,3,3,0,0,3,60.0,60.0,60.0,60.0,60.0,3,115462.34375,115472.18125,115511.53125,115575.84375,115591.921875,3,20.572158813476562,20.580344390869143,20.613086700439453,20.686022186279295,20.704256057739258,3,407.8839416503906,407.88493652343755,407.888916015625,407.89626464843747,407.8981018066406,3,2.4671466899172105,2.5602537817837936,2.9326821492501254,2.9754132605899484,2.986096038424904,3,14868664320.0,14869192704.0,14871306240.0,14877597696.0,14879170560.0,3,80207.0,80400.20000000001,81173.0,81245.8,81264.0,3,1.0,1.4000000000000001,3.0,3.0,3.0,3,0.0,0.0,0.0,0.0,0.0
graded_wide,8192,128,oracle,serial,3,0,0,3,3,1.0,1.0,1.0,1.0,1.0,3,12.06272029876709,12.348825836181643,13.493247985839844,13.501439666748047,13.503487586975098,3,0.0,0.0,0.0,0.0,0.0,3,0.5294079780578613,0.5400511860847473,0.5826240181922913,0.5859264016151428,0.5867519974708557,0,,,,,,3,0.0,0.0,0.0,0.0,0.0,3,0.0,0.0,0.0,0.0,0.0,3,0.0,0.0,0.0,0.0,0.0,3,0.0,0.0,0.0,0.0,0.0
graded_wide,8192,128,predictive,rankwise,3,3,3,0,3,64.0,64.0,64.0,64.0,64.0,3,551.3729858398438,551.8132690429687,553.5744018554688,571.0798217773438,575.4561767578125,3,0.5703680515289307,0.573030436038971,0.5836799740791321,0.5918719887733459,0.5939199924468994,3,15.754335403442383,15.754949760437013,15.757407188415527,16.01867961883545,16.08399772644043,3,0.36747582792524436,0.3776822449342857,0.418507912970451,0.5192421194011871,0.5444256710088712,3,110280704.0,110311833.60000001,110436352.0,110600192.0,110641152.0,3,26.0,27.6,34.0,36.4,37.0,3,0.0,0.0,0.0,0.0,0.0,3,0.0,0.0,0.0,0.0,0.0
iid_random,10240,128,predictive,rankwise,3,3,3,0,3,80.0,80.0,80.0,80.0,80.0,3,700.9330444335938,700.9342163085937,700.9389038085938,700.9735229492187,700.982177734375,3,0.8570879697799683,0.8589311718940735,0.8663039803504944,0.8695808053016663,0.8704000115394592,3,25.667617797851562,25.66805152893067,25.66978645324707,25.670608901977538,25.670814514160156,3,0.5330687287496403,0.5439285707776434,0.5873679388896562,0.6269829257042148,0.6368866724078543,3,0.0,0.0,0.0,0.0,0.0,3,0.0,0.0,0.0,0.0,0.0,3,0.0,0.0,0.0,0.0,0.0,3,0.0,0.0,0.0,0.0,0.0
iid_random,1024,64,predictive,rankwise,3,3,3,0,3,16.0,16.0,16.0,16.0,16.0,3,21.748737335205078,21.751412200927735,21.76211166381836,21.811214447021484,21.823490142822266,3,0.04403200000524521,0.044441599398851395,0.04607999697327614,0.04689920023083687,0.04710400104522705,3,0.1669119894504547,0.1679359942674637,0.17203201353549957,0.17287680208683015,0.17308799922466278,3,0.06339707413008577,0.06397154404331112,0.06626942369621247,0.08839662836289577,0.09392842952956659,3,0.0,0.0,0.0,0.0,0.0,3,0.0,0.0,0.0,0.0,0.0,3,0.0,0.0,0.0,0.0,0.0,3,0.0,0.0,0.0,0.0,0.0
iid_random,20480,512,predictive,rankwise,3,3,0,0,3,40.0,40.0,40.0,40.0,40.0,3,4717.30419921875,4717.706640625,4719.31640625,4722.402734375,4723.17431640625,3,2.263040065765381,2.26549129486084,2.275296211242676,2.3015361785888673,2.308096170425415,3,34.17807388305664,34.17868423461914,34.18112564086914,34.193466949462895,34.19655227661133,3,1.0046456243144348,1.019163129129447,1.077233148389496,1.082361795665929,1.0836439574850374,3,0.0,0.0,0.0,0.0,0.0,3,0.0,0.0,0.0,0.0,0.0,3,0.0,0.0,0.0,0.0,0.0,3,0.0,0.0,0.0,0.0,0.0
iid_random,2048,64,predictive,rankwise,3,3,3,0,3,32.0,32.0,32.0,32.0,32.0,3,47.06717300415039,47.07188949584961,47.090755462646484,47.12920455932617,47.138816833496094,3,0.13926398754119873,0.13987838923931123,0.14233599603176117,0.14312959611415862,0.143327996134758,3,0.89603191614151,0.89603830575943,0.8960638642311096,0.9009279370307923,0.9021439552307129,3,0.115883004333429,0.12333512483251113,0.1531436068288396,0.18563687367929838,0.19376019039191306,3,0.0,0.0,0.0,0.0,0.0,3,0.0,0.0,0.0,0.0,0.0,3,0.0,0.0,0.0,0.0,0.0,3,0.0,0.0,0.0,0.0,0.0
iid_random,256,64,predictive,rankwise,3,3,3,0,3,4.0,4.0,4.0,4.0,4.0,3,5.178368091583252,5.182668876647949,5.199872016906738,5.212953758239745,5.216224193572998,3,0.01945600099861622,0.01966080069541931,0.020479999482631683,0.022118400037288665,0.02252800017595291,3,0.01945600099861622,0.01945600099861622,0.01945600099861622,0.01945600099861622,0.01945600099861622,3,0.02956400439143181,0.030861384514719252,0.036050905007869005,0.036222259793430564,0.03626509848982096,3,0.0,0.0,0.0,0.0,0.0,3,0.0,0.0,0.0,0.0,0.0,3,0.0,0.0,0.0,0.0,0.0,3,0.0,0.0,0.0,0.0,0.0
iid_random,30720,1024,predictive,rankwise,3,3,0,0,3,30.0,30.0,30.0,30.0,30.0,3,16179.5830078125,16179.605664062501,16179.6962890625,16180.0900390625,16180.1884765625,3,4.8414716720581055,4.848230171203614,4.8752641677856445,4.953907203674317,4.973567962646484,3,51.58610534667969,51.587127685546875,51.591217041015625,51.62066650390625,51.628028869628906,3,1.5284816284256522,1.534031719621271,1.5562320844037458,1.886912619578652,1.9695827533723786,3,571729920.0,572233728.0,574248960.0,577910784.0,578826240.0,3,4072.0,4077.8,4101.0,4188.2,4210.0,3,0.0,0.0,0.0,0.0,0.0,3,0.0,0.0,0.0,0.0,0.0
iid_random,40960,1024,predictive,rankwise,3,3,0,0,3,40.0,40.0,40.0,40.0,40.0,3,35336.984375,35338.2046875,35343.0859375,35348.2703125,35349.56640625,3,8.50534439086914,8.51681308746338,8.562687873840332,8.62412815093994,8.639488220214844,3,119.94722747802734,119.94907836914064,119.95648193359375,119.95807495117188,119.9584732055664,3,1.9580006906035123,1.975318692030851,2.0445906977402046,2.3637307063210757,2.4435157084662933,3,1476976640.0,1478320128.0,1483694080.0,1488478208.0,1489674240.0,3,10664.0,10719.6,10942.0,10961.2,10966.0,3,0.0,0.0,0.0,1.6,2.0,3,0.0,0.0,0.0,0.0,0.0
iid_random,4096,64,predictive,rankwise,3,3,3,0,3,64.0,64.0,64.0,64.0,64.0,3,119.77538299560547,119.77700347900392,119.78348541259766,119.78840484619141,119.78963470458984,3,0.27139198780059814,0.2722047924995422,0.2754560112953186,0.2770687937736511,0.27747198939323425,3,6.323359966278076,6.323756980895997,6.325345039367676,6.330259132385255,6.331487655639648,3,0.23022011436365497,0.231506485955332,0.23665197232204002,0.24475568112251622,0.2467816083226353,3,0.0,0.0,0.0,0.0,0.0,3,0.0,0.0,0.0,0.0,0.0,3,0.0,0.0,0.0,0.0,0.0,3,0.0,0.0,0.0,0.0,0.0
iid_random,51200,1024,predictive,rankwise,3,3,0,0,3,50.0,50.0,50.0,50.0,50.0,3,64323.3515625,64324.457812500004,64328.8828125,64329.3609375,64329.48046875,3,13.706271171569824,13.745381736755373,13.901823997497559,14.013235282897949,14.041088104248047,3,234.82577514648438,234.83067016601564,234.85025024414062,234.91172485351564,234.92709350585938,3,3.1100697495567147,3.1167419941164556,3.143430972355418,4.231825738935732,4.50392443058081,3,2872934400.0,2873763840.0,2877081600.0,2883020800.0,2884505600.0,3,20835.0,20921.2,21266.0,21333.199999999997,21350.0,3,0.0,0.2,1.0,2.6000000000000005,3.0,3,0.0,0.0,0.0,0.0,0.0
iid_random,512,64,predictive,rankwise,3,3,3,0,3,8.0,8.0,8.0,8.0,8.0,3,11.18105697631836,11.181882476806642,11.185184478759766,11.199058532714844,11.202527046203613,3,0.025567999109625816,0.025779199227690695,0.026623999699950218,0.028236798569560052,0.02863999828696251,3,0.05222400277853012,0.052230402827262885,0.05225600302219391,0.0530239999294281,0.05321599915623665,3,0.027868259232491255,0.02931189104856458,0.03508641831285786,0.03544703744177184,0.035537192224000334,3,0.0,0.0,0.0,0.0,0.0,3,0.0,0.0,0.0,0.0,0.0,3,0.0,0.0,0.0,0.0,0.0,3,0.0,0.0,0.0,0.0,0.0
iid_random,61440,1024,predictive,rankwise,3,3,0,0,3,60.0,60.0,60.0,60.0,60.0,3,108766.3671875,108766.9953125,108769.5078125,108785.7828125,108789.8515625,3,19.928096771240234,20.01820220947266,20.378623962402344,20.90455017089844,21.03603172302246,3,407.84600830078125,407.85682373046876,407.90008544921875,407.9059692382813,407.9074401855469,3,3.495156047094497,3.6391184682230233,4.2149681527371285,5.426450271629437,5.7293208013525145,3,5040599040.0,5041827840.0,5046743040.0,5056671744.0,5059153920.0,3,38546.0,38645.4,39043.0,39380.6,39465.0,3,0.0,0.2,1.0,1.0,1.0,3,0.0,0.0,0.0,0.0,0.0
iid_random,8192,128,predictive,rankwise,3,3,3,0,3,64.0,64.0,64.0,64.0,64.0,3,421.6730651855469,421.67673339843753,421.69140625,421.73974609375,421.7518310546875,3,0.562175989151001,0.5640127897262573,0.5713599920272827,0.5722048044204712,0.5724160075187683,3,15.75228500366211,15.752477264404298,15.753246307373047,15.753270721435547,15.753276824951172,3,0.42559133052418474,0.4288362671301002,0.4418160135537619,0.5015585250250296,0.5164941528928466,3,0.0,0.0,0.0,0.0,0.0,3,0.0,0.0,0.0,0.0,0.0,3,0.0,0.0,0.0,0.0,0.0,3,0.0,0.0,0.0,0.0,0.0
near_singular,10240,128,predictive,rankwise,3,3,3,0,3,80.0,80.0,80.0,80.0,80.0,3,700.6690063476562,700.6851806640625,700.7498779296875,700.7637939453125,700.7672729492188,3,0.8407040238380432,0.8431616187095643,0.8529919981956482,0.8529919981956482,0.8529919981956482,3,25.67483901977539,25.67567367553711,25.679012298583984,25.68635482788086,25.688190460205078,3,0.00021437721004957666,0.00021868068905774864,0.00023589460509043647,0.0002662465676891657,0.00027383455833884796,3,0.0,0.0,0.0,0.0,0.0,3,0.0,0.0,0.0,0.0,0.0,3,0.0,0.0,0.0,0.0,0.0,3,0.0,0.0,0.0,0.0,0.0
near_singular,1024,64,predictive,rankwise,3,3,3,0,3,16.0,16.0,16.0,16.0,16.0,3,20.875263214111328,20.8785400390625,20.891647338867188,20.89246520996094,20.892669677734375,3,0.04307200014591217,0.0434688001871109,0.04505600035190582,0.046694397926330566,0.04710399731993675,3,0.1669119894504547,0.16732158958911897,0.16895999014377594,0.17141758501529694,0.17203198373317719,3,0.012745119485224166,0.013267671044188491,0.015357877280045784,0.01704012501164556,0.0174606869445455,3,0.0,0.0,0.0,0.0,0.0,3,0.0,0.0,0.0,0.0,0.0,3,0.0,0.0,0.0,0.0,0.0,3,0.0,0.0,0.0,0.0,0.0
near_singular,20480,512,predictive,rankwise,3,3,3,0,3,40.0,40.0,40.0,40.0,40.0,3,4710.21337890625,4710.626953125,4712.28125,4712.895703125,4713.04931640625,3,2.258944034576416,2.265497636795044,2.2917120456695557,2.333491373062134,2.3439362049102783,3,34.17407989501953,34.174258422851565,34.17497253417969,34.177484130859376,34.1781120300293,3,8.538473811725567e-05,8.754534875166087e-05,9.618779128928168e-05,0.00010506425119629625,0.0001072833661730499,3,0.0,0.0,0.0,0.0,0.0,3,0.0,0.0,0.0,0.0,0.0,3,0.0,0.0,0.0,0.0,0.0,3,0.0,0.0,0.0,0.0,0.0
near_singular,2048,64,predictive,rankwise,3,3,3,0,3,32.0,32.0,32.0,32.0,32.0,3,47.10099411010742,47.10201110839844,47.1060791015625,47.1740478515625,47.1910400390625,3,0.1372160017490387,0.13844479918479918,0.1433599889278412,0.14417919516563416,0.1443839967250824,3,0.8991679549217224,0.8999807476997376,0.9032319188117981,0.9196416020393372,0.9237440228462219,3,0.0072027696054490775,0.00740001095470646,0.008188976351735988,0.014174579567956157,0.0156709803720112,3,0.0,0.0,0.0,0.0,0.0,3,0.0,0.0,0.0,0.0,0.0,3,0.0,0.0,0.0,0.0,0.0,3,0.0,0.0,0.0,0.0,0.0
near_singular,256,64,predictive,rankwise,3,3,3,0,3,4.0,4.0,4.0,4.0,4.0,3,5.205984115600586,5.206816101074219,5.21014404296875,5.217465591430663,5.219295978546143,3,0.018432000651955605,0.018643200397491455,0.019487999379634857,0.02110079973936081,0.021503999829292297,3,0.01945600099861622,0.01966080069541931,0.020479999482631683,0.021299199759960172,0.021503999829292297,3,0.00973062287288684,0.009780514979621558,0.009980083406560425,0.010183321470515238,0.010234130986503942,3,0.0,0.0,0.0,0.0,0.0,3,0.0,0.0,0.0,0.0,0.0,3,0.0,0.0,0.0,0.0,0.0,3,0.0,0.0,0.0,0.0,0.0
near_singular,30720,1024,predictive,rankwise,3,3,3,0,3,30.0,30.0,30.0,30.0,30.0,3,16087.8671875,16088.3001953125,16090.0322265625,16090.511914062501,16090.6318359375,3,4.8896002769470215,4.8926722526550295,4.9049601554870605,4.912332820892334,4.914175987243652,3,51.593238830566406,51.59365005493164,51.59529495239258,51.600153350830084,51.60136795043945,3,5.2170101660919954e-05,5.674469286489625e-05,7.504305768080144e-05,7.918317654471707e-05,8.021820626069598e-05,3,0.0,0.0,0.0,0.0,0.0,3,0.0,0.0,0.0,0.0,0.0,3,0.0,0.0,0.0,0.0,0.0,3,0.0,0.0,0.0,0.0,0.0
near_singular,40960,1024,predictive,rankwise,3,3,3,0,3,40.0,40.0,40.0,40.0,40.0,3,35167.2734375,35167.5953125,35168.8828125,35171.1234375,35171.68359375,3,8.399871826171875,8.409087753295898,8.445951461791992,8.549990463256837,8.576000213623047,3,119.93608856201172,119.9368896484375,119.94009399414062,119.95894165039063,119.96365356445312,3,4.907653265462386e-05,5.2539866396728035e-05,6.63932013651447e-05,7.012852005914283e-05,7.106234973264236e-05,3,0.0,0.0,0.0,0.0,0.0,3,0.0,0.0,0.0,0.0,0.0,3,0.0,0.0,0.0,0.0,0.0,3,0.0,0.0,0.0,0.0,0.0
near_singular,4096,64,predictive,rankwise,3,3,3,0,3,64.0,64.0,64.0,64.0,64.0,3,119.55506134033203,119.55978088378907,119.57865905761719,119.62535705566405,119.63703155517578,3,0.27033600211143494,0.27074559926986697,0.27238398790359497,0.27320319414138794,0.2734079957008362,3,6.323328971862793,6.3245511054992685,6.329439640045166,6.336761569976806,6.338592052459717,3,0.0031363485184208173,0.0033348215775198756,0.004128713813916107,0.004276699929557282,0.004313696458467575,3,0.0,0.0,0.0,0.0,0.0,3,0.0,0.0,0.0,0.0,0.0,3,0.0,0.0,0.0,0.0,0.0,3,0.0,0.0,0.0,0.0,0.0
near_singular,51200,1024,predictive,rankwise,3,3,3,0,3,50.0,50.0,50.0,50.0,50.0,3,63968.21875,63968.5890625,63970.0703125,63970.3140625,63970.375,3,13.9038724899292,13.922304344177247,13.996031761169434,14.065663719177246,14.0830717086792,3,234.80630493164062,234.8065155029297,234.80735778808594,234.8220916748047,234.82577514648438,3,3.3198511751209026e-05,3.596248757347098e-05,4.70183908625188e-05,5.0433661593984874e-05,5.12874792768514e-05,3,0.0,0.0,0.0,0.0,0.0,3,0.0,0.0,0.0,0.0,0.0,3,0.0,0.0,0.0,0.0,0.0,3,0.0,0.0,0.0,0.0,0.0
near_singular,512,64,predictive,rankwise,3,3,3,0,3,8.0,8.0,8.0,8.0,8.0,3,11.141088485717773,11.142528343200684,11.148287773132324,11.152384757995605,11.153409004211426,3,0.025599999353289604,0.025599999725818633,0.025600001215934753,0.027212800085544588,0.027615999802947044,3,0.05212799832224846,0.052147199213504795,0.05222400277853012,0.05224960297346115,0.05225600302219391,3,0.012175557280983185,0.012240792106030796,0.01250173140622124,0.012748549296762945,0.012810253769398372,3,0.0,0.0,0.0,0.0,0.0,3,0.0,0.0,0.0,0.0,0.0,3,0.0,0.0,0.0,0.0,0.0,3,0.0,0.0,0.0,0.0,0.0
near_singular,61440,1024,predictive,rankwise,3,3,3,0,3,60.0,60.0,60.0,60.0,60.0,3,108124.7578125,108124.97812500001,108125.859375,108129.784375,108130.765625,3,15.92627239227295,15.957197189331056,16.080896377563477,16.168550491333008,16.19046401977539,3,407.5755615234375,407.5778259277344,407.5868835449219,407.6114440917969,407.6175842285156,3,3.0539618460778684e-05,3.1598084161288396e-05,3.5831946963327255e-05,4.312533438124433e-05,4.49486812357236e-05,3,0.0,0.0,0.0,0.0,0.0,3,0.0,0.0,0.0,0.0,0.0,3,0.0,0.0,0.0,0.0,0.0,3,0.0,0.0,0.0,0.0,0.0
near_singular,8192,128,predictive,rankwise,3,3,3,0,3,64.0,64.0,64.0,64.0,64.0,3,416.4045104980469,416.41065063476566,416.4352111816406,416.5662902832031,416.59906005859375,3,0.567296028137207,0.5675008177757264,0.5683199763298035,0.5781503558158875,0.5806079506874084,3,15.753275871276855,15.75348072052002,15.754300117492676,15.760828590393066,15.762460708618164,3,0.0002793780330776485,0.00029218846924692346,0.00034343021392402306,0.0003676431574902495,0.00037369639338180605,3,0.0,0.0,0.0,0.0,0.0,3,0.0,0.0,0.0,0.0,0.0,3,0.0,0.0,0.0,0.0,0.0,3,0.0,0.0,0.0,0.0,0.0
random,10240,128,off_rankwise,rankwise,3,3,3,0,3,80.0,80.0,80.0,80.0,80.0,3,614.6724853515625,614.6742797851563,614.6814575195312,615.1296997070312,615.2417602539062,3,0.0,0.0,0.0,0.0,0.0,3,25.678945541381836,25.680192947387695,25.685182571411133,25.688255691528322,25.689023971557617,3,0.004767514545826337,0.0051838120182548745,0.006849001907969026,0.007411012912581844,0.007551515663735049,3,0.0,0.0,0.0,0.0,0.0,3,0.0,0.0,0.0,0.0,0.0,3,0.0,0.0,0.0,0.0,0.0,3,0.0,0.0,0.0,0.0,0.0
random,10240,128,off_serial,serial,3,3,3,0,3,80.0,80.0,80.0,80.0,80.0,3,618.1435546875,618.1443603515625,618.1475830078125,618.3098876953125,618.3504638671875,3,0.0,0.0,0.0,0.0,0.0,3,25.673885345458984,25.674499893188475,25.676958084106445,25.679443740844725,25.680065155029297,3,0.004767514545826337,0.0051838120182548745,0.006849001907969026,0.007411012912581844,0.007551515663735049,3,0.0,0.0,0.0,0.0,0.0,3,0.0,0.0,0.0,0.0,0.0,3,0.0,0.0,0.0,0.0,0.0,3,0.0,0.0,0.0,0.0,0.0
random,10240,128,predictive,rankwise,3,3,3,0,3,80.0,80.0,80.0,80.0,80.0,3,698.9017333984375,698.9076782226563,698.9314575195312,698.9319946289063,698.93212890625,3,0.8499199748039246,0.8507391810417175,0.8540160059928894,0.8548352122306824,0.8550400137901306,3,25.672800064086914,25.674252700805667,25.680063247680664,25.69634437561035,25.700414657592773,3,0.004767514545826337,0.0051838120182548745,0.006849001907969026,0.007411012912581844,0.007551515663735049,3,0.0,0.0,0.0,0.0,0.0,3,0.0,0.0,0.0,0.0,0.0,3,0.0,0.0,0.0,0.0,0.0,3,0.0,0.0,0.0,0.0,0.0
random,1024,64,off_rankwise,rankwise,3,3,3,0,3,16.0,16.0,16.0,16.0,16.0,3,15.071616172790527,15.071987342834472,15.073472023010254,15.076748085021972,15.077567100524902,3,0.0,0.0,0.0,0.0,0.0,3,0.1802559792995453,0.180627179145813,0.1821119785308838,0.18298237323760985,0.18319997191429138,3,0.0015337199919674242,0.0016290479208889005,0.002010359636574805,0.00274631658646551,0.002930305823938186,3,0.0,0.0,0.0,0.0,0.0,3,0.0,0.0,0.0,0.0,0.0,3,0.0,0.0,0.0,0.0,0.0,3,0.0,0.0,0.0,0.0,0.0
random,1024,64,off_serial,serial,3,3,3,0,3,16.0,16.0,16.0,16.0,16.0,3,14.895455360412598,14.902521324157716,14.930785179138184,14.946349906921387,14.950241088867188,3,0.0,0.0,0.0,0.0,0.0,3,0.18220798671245575,0.1824383854866028,0.18335998058319092,0.1914495825767517,0.1934719830751419,3,0.0015337199919674242,0.0016290479208889005,0.002010359636574805,0.00274631658646551,0.002930305823938186,3,0.0,0.0,0.0,0.0,0.0,3,0.0,0.0,0.0,0.0,0.0,3,0.0,0.0,0.0,0.0,0.0,3,0.0,0.0,0.0,0.0,0.0
random,1024,64,predictive,rankwise,3,3,3,0,3,16.0,16.0,16.0,16.0,16.0,3,23.2806396484375,23.280856704711915,23.28172492980957,23.293172073364257,23.29603385925293,3,0.04608000069856644,0.0462848000228405,0.04710399731993675,0.04874239787459374,0.04915199801325798,3,0.1801919937133789,0.1807935953140259,0.18320000171661377,0.18565759658813474,0.18627199530601501,3,0.0015337199919674242,0.0016290479208889005,0.002010359636574805,0.00274631658646551,0.002930305823938186,3,0.0,0.0,0.0,0.0,0.0,3,0.0,0.0,0.0,0.0,0.0,3,0.0,0.0,0.0,0.0,0.0,3,0.0,0.0,0.0,0.0,0.0
random,20480,512,off_rankwise,rankwise,3,3,3,0,3,40.0,40.0,40.0,40.0,40.0,3,4524.42724609375,4524.777636718751,4526.17919921875,4531.83271484375,4533.24609375,3,0.0,0.0,0.0,0.0,0.0,3,34.165863037109375,34.16749954223633,34.17404556274414,34.18960952758789,34.19350051879883,3,0.009693036631042939,0.009719748769738551,0.009826597324520995,0.01074758963196298,0.010977837708823476,3,0.0,0.0,0.0,0.0,0.0,3,0.0,0.0,0.0,0.0,0.0,3,0.0,0.0,0.0,0.0,0.0,3,0.0,0.0,0.0,0.0,0.0
random,20480,512,off_serial,serial,3,3,3,0,3,40.0,40.0,40.0,40.0,40.0,3,5641.98095703125,5642.0427734375,5642.2900390625,5647.4623046875,5648.75537109375,3,0.0,0.0,0.0,0.0,0.0,3,34.1841926574707,34.184200286865234,34.18423080444336,34.1867057800293,34.18732452392578,3,0.009693036631042939,0.009719748769738551,0.009826597324520995,0.01074758963196298,0.010977837708823476,3,0.0,0.0,0.0,0.0,0.0,3,0.0,0.0,0.0,0.0,0.0,3,0.0,0.0,0.0,0.0,0.0,3,0.0,0.0,0.0,0.0,0.0
random,20480,512,predictive,rankwise,3,3,3,0,3,40.0,40.0,40.0,40.0,40.0,3,4703.78515625,4704.172949218751,4705.72412109375,4709.10224609375,4709.94677734375,3,2.2794241905212402,2.280448150634766,2.284543991088867,2.3287551879882815,2.3398079872131348,3,34.17087936401367,34.17151947021485,34.17407989501953,34.17641143798828,34.17699432373047,3,0.009693036631042939,0.009719748769738551,0.009826597324520995,0.01074758963196298,0.010977837708823476,3,0.0,0.0,0.0,0.0,0.0,3,0.0,0.0,0.0,0.0,0.0,3,0.0,0.0,0.0,0.0,0.0,3,0.0,0.0,0.0,0.0,0.0
random,2048,64,off_rankwise,rankwise,3,3,3,0,3,32.0,32.0,32.0,32.0,32.0,3,31.373437881469727,31.378539657592775,31.39894676208496,31.43621482849121,31.445531845092773,3,0.0,0.0,0.0,0.0,0.0,3,0.8970238566398621,0.8976446747779847,0.9001279473304749,0.9042238831520081,0.9052478671073914,3,0.0019103968496922681,0.0021235277198460513,0.0029760512004611836,0.0034958908887826167,0.0036258508108629748,3,0.0,0.0,0.0,0.0,0.0,3,0.0,0.0,0.0,0.0,0.0,3,0.0,0.0,0.0,0.0,0.0,3,0.0,0.0,0.0,0.0,0.0
random,2048,64,off_serial,serial,3,3,3,0,3,32.0,32.0,32.0,32.0,32.0,3,30.66876983642578,30.670881652832033,30.67932891845703,30.71360626220703,30.72217559814453,3,0.0,0.0,0.0,0.0,0.0,3,0.8960638642311096,0.8968702673912049,0.9000958800315857,0.9025790572166443,0.9031998515129089,3,0.0019103968496922681,0.0021235277198460513,0.0029760512004611836,0.0034958908887826167,0.0036258508108629748,3,0.0,0.0,0.0,0.0,0.0,3,0.0,0.0,0.0,0.0,0.0,3,0.0,0.0,0.0,0.0,0.0,3,0.0,0.0,0.0,0.0,0.0
random,2048,64,predictive,rankwise,3,3,3,0,3,32.0,32.0,32.0,32.0,32.0,3,46.3953971862793,46.396420288085935,46.4005126953125,46.425909423828124,46.43225860595703,3,0.13926400244235992,0.14008319973945618,0.1433599889278412,0.14499840140342712,0.1454080045223236,3,0.89711993932724,0.8979199290275574,0.9011198878288269,0.9036030650138855,0.9042238593101501,3,0.0019103968496922681,0.0021235277198460513,0.0029760512004611836,0.0034958908887826167,0.0036258508108629748,3,0.0,0.0,0.0,0.0,0.0,3,0.0,0.0,0.0,0.0,0.0,3,0.0,0.0,0.0,0.0,0.0,3,0.0,0.0,0.0,0.0,0.0
random,256,64,off_rankwise,rankwise,3,3,3,0,3,4.0,4.0,4.0,4.0,4.0,3,3.2832319736480713,3.2843391418457033,3.2887678146362305,3.30325756072998,3.306879997253418,3,0.0,0.0,0.0,0.0,0.0,3,0.018432000651955605,0.018636800721287726,0.01945600099861622,0.02109440006315708,0.021503999829292297,3,0.0012862461405472759,0.001290958324198231,0.001309807058802051,0.001405659100451512,0.0014296221108638773,3,0.0,0.0,0.0,0.0,0.0,3,0.0,0.0,0.0,0.0,0.0,3,0.0,0.0,0.0,0.0,0.0,3,0.0,0.0,0.0,0.0,0.0
random,256,64,off_serial,serial,3,3,3,0,3,4.0,4.0,4.0,4.0,4.0,3,3.440703868865967,3.4417598724365237,3.44598388671875,3.456480026245117,3.459104061126709,3,0.0,0.0,0.0,0.0,0.0,3,0.02252800017595291,0.02253440022468567,0.0225600004196167,0.024992001056671143,0.025600001215934753,3,0.0012862461405472759,0.001290958324198231,0.001309807058802051,0.001405659100451512,0.0014296221108638773,3,0.0,0.0,0.0,0.0,0.0,3,0.0,0.0,0.0,0.0,0.0,3,0.0,0.0,0.0,0.0,0.0,3,0.0,0.0,0.0,0.0,0.0
random,256,64,predictive,rankwise,3,3,3,0,3,4.0,4.0,4.0,4.0,4.0,3,5.236735820770264,5.237555027008057,5.2408318519592285,5.244109058380126,5.244928359985352,3,0.01945600099861622,0.01966080069541931,0.020479999482631683,0.021299199759960172,0.021503999829292297,3,0.01945600099861622,0.01945600099861622,0.01945600099861622,0.02024959959089756,0.020447999238967896,3,0.0012862461405472759,0.001290958324198231,0.001309807058802051,0.001405659100451512,0.0014296221108638773,3,0.0,0.0,0.0,0.0,0.0,3,0.0,0.0,0.0,0.0,0.0,3,0.0,0.0,0.0,0.0,0.0,3,0.0,0.0,0.0,0.0,0.0
random,30720,1024,off_rankwise,rankwise,3,3,3,0,3,30.0,30.0,30.0,30.0,30.0,3,15782.1142578125,15782.26484375,15782.8671875,15789.2796875,15790.8828125,3,0.0,0.0,0.0,0.0,0.0,3,51.589115142822266,51.59015655517579,51.594322204589844,51.601679992675784,51.603519439697266,3,0.016998992768353066,0.01878717651224543,0.025939911487814868,0.030715266017057315,0.03190910464936793,3,0.0,0.0,0.0,0.0,0.0,3,0.0,0.0,0.0,0.0,0.0,3,0.0,0.0,0.0,0.0,0.0,3,0.0,0.0,0.0,0.0,0.0
random,30720,1024,off_serial,serial,3,3,3,0,3,30.0,30.0,30.0,30.0,30.0,3,20759.978515625,20760.195312500004,20761.0625,20762.454687499998,20762.802734375,3,0.0,0.0,0.0,0.0,0.0,3,51.59931945800781,51.601171112060555,51.608577728271484,51.61111068725586,51.61174392700195,3,0.016998992768353066,0.01878717651224543,0.025939911487814868,0.030715266017057315,0.03190910464936793,3,0.0,0.0,0.0,0.0,0.0,3,0.0,0.0,0.0,0.0,0.0,3,0.0,0.0,0.0,0.0,0.0,3,0.0,0.0,0.0,0.0,0.0
random,30720,1024,predictive,rankwise,3,3,3,0,3,30.0,30.0,30.0,30.0,30.0,3,16079.8896484375,16079.944921875001,16080.166015625,16081.105078125001,16081.33984375,3,4.888576030731201,4.891648006439209,4.90393590927124,4.9203200340271,4.9244160652160645,3,51.577880859375,51.578694152832036,51.581947326660156,51.6106674194336,51.61784744262695,3,0.016998992768353066,0.01878717651224543,0.025939911487814868,0.030715266017057315,0.03190910464936793,3,0.0,0.0,0.0,0.0,0.0,3,0.0,0.0,0.0,0.0,0.0,3,0.0,0.0,0.0,0.0,0.0,3,0.0,0.0,0.0,0.0,0.0
random,40960,1024,off_rankwise,rankwise,3,3,3,0,3,40.0,40.0,40.0,40.0,40.0,3,34704.0,34704.140625,34704.703125,34705.303125,34705.453125,3,0.0,0.0,0.0,0.0,0.0,3,119.94004821777344,119.94213256835938,119.95046997070312,119.96019897460938,119.96263122558594,3,0.03071981282535213,0.03166980933662662,0.03546979538172457,0.052758365215261,0.0570805076736451,3,0.0,0.0,0.0,0.0,0.0,3,0.0,0.0,0.0,0.0,0.0,3,0.0,0.0,0.0,0.0,0.0,3,0.0,0.0,0.0,0.0,0.0
random,40960,1024,off_serial,serial,3,3,3,0,3,40.0,40.0,40.0,40.0,40.0,3,41888.24609375,41888.29296875,41888.48046875,41888.93359375,41889.046875,3,0.0,0.0,0.0,0.0,0.0,3,119.94219970703125,119.94363098144532,119.94935607910156,119.97555236816407,119.98210144042969,3,0.03071981282535213,0.03166980933662662,0.03546979538172457,0.052758365215261,0.0570805076736451,3,0.0,0.0,0.0,0.0,0.0,3,0.0,0.0,0.0,0.0,0.0,3,0.0,0.0,0.0,0.0,0.0,3,0.0,0.0,0.0,0.0,0.0
random,40960,1024,predictive,rankwise,3,3,3,0,3,40.0,40.0,40.0,40.0,40.0,3,35162.2890625,35162.489062500004,35163.2890625,35163.6078125,35163.6875,3,8.522751808166504,8.532172584533692,8.569855690002441,8.620646095275879,8.633343696594238,3,119.93807220458984,119.93848724365235,119.94014739990234,119.9499252319336,119.9523696899414,3,0.03071981282535213,0.03166980933662662,0.03546979538172457,0.052758365215261,0.0570805076736451,3,0.0,0.0,0.0,0.0,0.0,3,0.0,0.0,0.0,0.0,0.0,3,0.0,0.0,0.0,0.0,0.0,3,0.0,0.0,0.0,0.0,0.0
random,4096,64,off_rankwise,rankwise,3,3,3,0,3,64.0,64.0,64.0,64.0,64.0,3,87.56700897216797,87.5743179321289,87.60355377197266,87.63174591064453,87.6387939453125,3,0.0,0.0,0.0,0.0,0.0,3,6.329376697540283,6.330810165405273,6.336544036865234,6.340640640258789,6.341664791107178,3,0.004023566114947824,0.004163378910416453,0.004722630092290966,0.005440053985411502,0.005619409958691636,3,0.0,0.0,0.0,0.0,0.0,3,0.0,0.0,0.0,0.0,0.0,3,0.0,0.0,0.0,0.0,0.0,3,0.0,0.0,0.0,0.0,0.0
random,4096,64,off_serial,serial,3,3,3,0,3,64.0,64.0,64.0,64.0,64.0,3,87.08934020996094,87.09575195312502,87.12139892578125,87.3252685546875,87.37623596191406,3,0.0,0.0,0.0,0.0,0.0,3,6.325344085693359,6.326380634307862,6.330526828765869,6.358277988433837,6.36521577835083,3,0.004023566114947824,0.004163378910416453,0.004722630092290966,0.005440053985411502,0.005619409958691636,3,0.0,0.0,0.0,0.0,0.0,3,0.0,0.0,0.0,0.0,0.0,3,0.0,0.0,0.0,0.0,0.0,3,0.0,0.0,0.0,0.0,0.0
random,4096,64,predictive,rankwise,3,3,3,0,3,64.0,64.0,64.0,64.0,64.0,3,119.01749420166016,119.02691497802735,119.0645980834961,119.83957977294922,120.0333251953125,3,0.27238398790359497,0.2734079897403717,0.27750399708747864,0.2783232033252716,0.27852800488471985,3,6.334463596343994,6.334687519073487,6.335583209991455,6.336351490020752,6.336543560028076,3,0.004023566114947824,0.004163378910416453,0.004722630092290966,0.005440053985411502,0.005619409958691636,3,0.0,0.0,0.0,0.0,0.0,3,0.0,0.0,0.0,0.0,0.0,3,0.0,0.0,0.0,0.0,0.0,3,0.0,0.0,0.0,0.0,0.0
random,51200,1024,off_rankwise,rankwise,3,3,3,0,3,50.0,50.0,50.0,50.0,50.0,3,63350.16015625,63350.20703125,63350.39453125,63350.65703125,63350.72265625,3,0.0,0.0,0.0,0.0,0.0,3,234.83609008789062,234.85410766601564,234.92617797851562,235.21784057617185,235.29075622558594,3,0.03327111898297288,0.03648522031607921,0.04934162564850454,0.06189958546547764,0.06503907541972091,3,0.0,0.0,0.0,0.0,0.0,3,0.0,0.0,0.0,0.0,0.0,3,0.0,0.0,0.0,0.0,0.0,3,0.0,0.0,0.0,0.0,0.0
random,51200,1024,off_serial,serial,3,3,3,0,3,50.0,50.0,50.0,50.0,50.0,3,73006.6171875,73008.13437500001,73014.203125,73015.546875,73015.8828125,3,0.0,0.0,0.0,0.0,0.0,3,234.89430236816406,234.89922180175782,234.9188995361328,234.99106750488284,235.0091094970703,3,0.03327111898297288,0.03648522031607921,0.04934162564850454,0.06189958546547764,0.06503907541972091,3,0.0,0.0,0.0,0.0,0.0,3,0.0,0.0,0.0,0.0,0.0,3,0.0,0.0,0.0,0.0,0.0,3,0.0,0.0,0.0,0.0,0.0
random,51200,1024,predictive,rankwise,3,3,3,0,3,50.0,50.0,50.0,50.0,50.0,3,63983.19140625,63983.32031250001,63983.8359375,63986.2390625,63986.83984375,3,13.923328399658203,13.938073921203614,13.997056007385254,14.04293155670166,14.054400444030762,3,234.84130859375,234.84394226074218,234.85447692871094,235.2288543701172,235.32244873046875,3,0.03327111898297288,0.03648522031607921,0.04934162564850454,0.06189958546547764,0.06503907541972091,3,0.0,0.0,0.0,0.0,0.0,3,0.0,0.0,0.0,0.0,0.0,3,0.0,0.0,0.0,0.0,0.0,3,0.0,0.0,0.0,0.0,0.0
random,512,64,off_rankwise,rankwise,3,3,3,0,3,8.0,8.0,8.0,8.0,8.0,3,6.95622444152832,6.9585284233093265,6.96774435043335,6.977522945404052,6.9799675941467285,3,0.0,0.0,0.0,0.0,0.0,3,0.050144001841545105,0.050764802098274234,0.053248003125190735,0.05406719744205475,0.05427199602127075,3,0.0011170366255438579,0.0011568434933777827,0.0013160709647134818,0.0013517769934574403,0.0013607035006434301,3,0.0,0.0,0.0,0.0,0.0,3,0.0,0.0,0.0,0.0,0.0,3,0.0,0.0,0.0,0.0,0.0,3,0.0,0.0,0.0,0.0,0.0
random,512,64,off_serial,serial,3,3,3,0,3,8.0,8.0,8.0,8.0,8.0,3,6.905119895935059,6.905254459381104,6.905792713165283,6.912243366241455,6.913856029510498,3,0.0,0.0,0.0,0.0,0.0,3,0.05120000243186951,0.05160320103168488,0.05321599543094635,0.054854395985603335,0.05526399612426758,3,0.0011170366255438579,0.0011568434933777827,0.0013160709647134818,0.0013517769934574403,0.0013607035006434301,3,0.0,0.0,0.0,0.0,0.0,3,0.0,0.0,0.0,0.0,0.0,3,0.0,0.0,0.0,0.0,0.0,3,0.0,0.0,0.0,0.0,0.0
random,512,64,predictive,rankwise,3,3,3,0,3,8.0,8.0,8.0,8.0,8.0,3,11.095104217529297,11.096934509277343,11.104255676269531,11.113241577148438,11.115488052368164,3,0.026623999699950218,0.026623999699950218,0.026623999699950218,0.02744319848716259,0.027647998183965683,3,0.05020800232887268,0.05040640160441399,0.05119999870657921,0.05199360176920891,0.05219200253486633,3,0.0011170366255438579,0.0011568434933777827,0.0013160709647134818,0.0013517769934574403,0.0013607035006434301,3,0.0,0.0,0.0,0.0,0.0,3,0.0,0.0,0.0,0.0,0.0,3,0.0,0.0,0.0,0.0,0.0,3,0.0,0.0,0.0,0.0,0.0
random,61440,1024,off_rankwise,rankwise,3,3,3,0,3,60.0,60.0,60.0,60.0,60.0,3,107314.78125,107315.66562500001,107319.203125,107319.365625,107319.40625,3,0.0,0.0,0.0,0.0,0.0,3,407.84918212890625,407.85079956054693,407.8572692871094,407.9023376464844,407.9136047363281,3,0.030797913751201656,0.03362779403169087,0.04494731515364771,0.06701655480089526,0.07253386471270715,3,0.0,0.0,0.0,0.0,0.0,3,0.0,0.0,0.0,0.0,0.0,3,0.0,0.0,0.0,0.0,0.0,3,0.0,0.0,0.0,0.0,0.0
random,61440,1024,off_serial,serial,3,3,3,0,3,60.0,60.0,60.0,60.0,60.0,3,119535.6796875,119536.20312500001,119538.296875,119549.959375,119552.875,3,0.0,0.0,0.0,0.0,0.0,3,407.84588623046875,407.85717773437506,407.90234375,407.9710205078125,407.9881896972656,3,0.030797913751201656,0.03362779403169087,0.04494731515364771,0.06701655480089526,0.07253386471270715,3,0.0,0.0,0.0,0.0,0.0,3,0.0,0.0,0.0,0.0,0.0,3,0.0,0.0,0.0,0.0,0.0,3,0.0,0.0,0.0,0.0,0.0
random,61440,1024,predictive,rankwise,3,3,3,0,3,60.0,60.0,60.0,60.0,60.0,3,108135.5859375,108136.2390625,108138.8515625,108142.6640625,108143.6171875,3,20.753408432006836,20.768768310546875,20.83020782470703,20.83594207763672,20.83737564086914,3,407.8531799316406,407.85459594726564,407.8602600097656,407.87578735351565,407.8796691894531,3,0.030797913751201656,0.03362779403169087,0.04494731515364771,0.06701655480089526,0.07253386471270715,3,0.0,0.0,0.0,0.0,0.0,3,0.0,0.0,0.0,0.0,0.0,3,0.0,0.0,0.0,0.0,0.0,3,0.0,0.0,0.0,0.0,0.0
random,8192,128,off_rankwise,rankwise,3,3,3,0,3,64.0,64.0,64.0,64.0,64.0,3,350.0269470214844,350.0757263183594,350.2708435058594,350.6786804199219,350.7806396484375,3,0.0,0.0,0.0,0.0,0.0,3,15.747098922729492,15.748123741149902,15.752223014831543,15.789882469177247,15.799297332763672,3,0.004744396364298425,0.005025258407477168,0.0061487065801921394,0.007427797704050475,0.007747570485015059,3,0.0,0.0,0.0,0.0,0.0,3,0.0,0.0,0.0,0.0,0.0,3,0.0,0.0,0.0,0.0,0.0,3,0.0,0.0,0.0,0.0,0.0
random,8192,128,off_serial,serial,3,3,3,0,3,64.0,64.0,64.0,64.0,64.0,3,353.251953125,353.32611694335935,353.6227722167969,355.06310424804684,355.4231872558594,3,0.0,0.0,0.0,0.0,0.0,3,15.766589164733887,15.773143577575684,15.799361228942871,15.80258388519287,15.803389549255371,3,0.004744396364298425,0.005025258407477168,0.0061487065801921394,0.007427797704050475,0.007747570485015059,3,0.0,0.0,0.0,0.0,0.0,3,0.0,0.0,0.0,0.0,0.0,3,0.0,0.0,0.0,0.0,0.0,3,0.0,0.0,0.0,0.0,0.0
random,8192,128,predictive,rankwise,3,3,3,0,3,64.0,64.0,64.0,64.0,64.0,3,417.8636779785156,417.97799682617193,418.4352722167969,418.4393005371094,418.4403076171875,3,0.5683200359344482,0.5691392302513123,0.5724160075187683,0.5773311972618104,0.5785599946975708,3,15.751260757446289,15.757815170288087,15.784032821655273,15.78648796081543,15.787101745605469,3,0.004744396364298425,0.005025258407477168,0.0061487065801921394,0.007427797704050475,0.007747570485015059,3,0.0,0.0,0.0,0.0,0.0,3,0.0,0.0,0.0,0.0,0.0,3,0.0,0.0,0.0,0.0,0.0,3,0.0,0.0,0.0,0.0,0.0
underflow,10240,128,predictive,rankwise,3,3,3,0,3,80.0,80.0,80.0,80.0,80.0,3,695.4906005859375,695.4930908203125,695.5030517578125,695.5528564453125,695.5653076171875,3,0.8488960266113281,0.8491008281707765,0.8499200344085693,0.8523776054382324,0.8529919981956482,3,25.665569305419922,25.668231964111328,25.678882598876953,25.678908538818362,25.67891502380371,3,3.814324736595154e-05,3.814324736595154e-05,3.814324736595154e-05,3.814324736595154e-05,3.814324736595154e-05,3,0.0,0.0,0.0,0.0,0.0,3,0.0,0.0,0.0,0.0,0.0,3,0.0,0.0,0.0,0.0,0.0,3,0.0,0.0,0.0,0.0,0.0
underflow,1024,64,predictive,rankwise,3,3,3,0,3,16.0,16.0,16.0,16.0,16.0,3,20.94285011291504,20.94551200866699,20.956159591674805,20.96681022644043,20.969472885131836,3,0.043007999658584595,0.043212799727916716,0.04403200000524521,0.046464000642299656,0.04707200080156326,3,0.1658879965543747,0.1665023922920227,0.16895997524261475,0.16977919340133668,0.16998399794101715,3,3.810971975326538e-06,3.8109719753265385e-06,3.810971975326538e-06,3.810971975326538e-06,3.810971975326538e-06,3,0.0,0.0,0.0,0.0,0.0,3,0.0,0.0,0.0,0.0,0.0,3,0.0,0.0,0.0,0.0,0.0,3,0.0,0.0,0.0,0.0,0.0
underflow,20480,512,predictive,rankwise,3,3,3,0,3,40.0,40.0,40.0,40.0,40.0,3,4703.50830078125,4703.54169921875,4703.67529296875,4704.065527343751,4704.1630859375,3,2.282496213912964,2.2853633880615236,2.2968320846557617,2.3386112213134767,2.3490560054779053,3,34.17804718017578,34.179090881347655,34.183265686035156,34.196372985839844,34.199649810791016,3,7.629022002220154e-05,7.629022002220154e-05,7.629022002220154e-05,7.629022002220154e-05,7.629022002220154e-05,3,0.0,0.0,0.0,0.0,0.0,3,0.0,0.0,0.0,0.0,0.0,3,0.0,0.0,0.0,0.0,0.0,3,0.0,0.0,0.0,0.0,0.0
underflow,2048,64,predictive,rankwise,3,3,3,0,3,32.0,32.0,32.0,32.0,32.0,3,47.11731719970703,47.123049926757815,47.14598083496094,47.163186645507814,47.16748809814453,3,0.14028799533843994,0.1409023940563202,0.1433599889278412,0.14499838948249816,0.14540798962116241,3,0.8959999084472656,0.8976447224617006,0.9042239785194397,0.9058623433113098,0.9062719345092773,3,7.625669240951538e-06,7.625669240951539e-06,7.625669240951538e-06,7.625669240951538e-06,7.625669240951538e-06,3,0.0,0.0,0.0,0.0,0.0,3,0.0,0.0,0.0,0.0,0.0,3,0.0,0.0,0.0,0.0,0.0,3,0.0,0.0,0.0,0.0,0.0
underflow,256,64,predictive,rankwise,3,3,3,0,3,4.0,4.0,4.0,4.0,4.0,3,5.126143932342529,5.126355171203613,5.127200126647949,5.1337278366088865,5.135359764099121,3,0.018400000408291817,0.018611200526356696,0.01945600099861622,0.02109440006315708,0.021503999829292297,3,0.018432000651955605,0.01863040067255497,0.01942400075495243,0.020268799737095833,0.020479999482631683,3,9.499490261077881e-07,9.499490261077881e-07,9.499490261077881e-07,9.499490261077881e-07,9.499490261077881e-07,3,0.0,0.0,0.0,0.0,0.0,3,0.0,0.0,0.0,0.0,0.0,3,0.0,0.0,0.0,0.0,0.0,3,0.0,0.0,0.0,0.0,0.0
underflow,30720,1024,predictive,rankwise,3,3,3,0,3,30.0,30.0,30.0,30.0,30.0,3,16089.0810546875,16089.296484375001,16090.158203125,16090.236328125,16090.255859375,3,4.809664249420166,4.818483448028565,4.853760242462158,4.860313510894775,4.86195182800293,3,51.57986068725586,51.581519317626956,51.58815383911133,51.592218780517584,51.59323501586914,3,0.00011443719267845154,0.00011443719267845154,0.00011443719267845154,0.00011443719267845154,0.00011443719267845154,3,0.0,0.0,0.0,0.0,0.0,3,0.0,0.0,0.0,0.0,0.0,3,0.0,0.0,0.0,0.0,0.0,3,0.0,0.0,0.0,0.0,0.0
underflow,40960,1024,predictive,rankwise,3,3,3,0,3,40.0,40.0,40.0,40.0,40.0,3,35145.6875,35146.157031250004,35148.03515625,35148.157031250004,35148.1875,3,8.474623680114746,8.475033378601076,8.476672172546387,8.60364818572998,8.635392189025879,3,119.93089294433594,119.93255004882813,119.93917846679688,119.93995971679688,119.94015502929688,3,0.00015258416533470154,0.00015258416533470154,0.00015258416533470154,0.00015258416533470154,0.00015258416533470154,3,0.0,0.0,0.0,0.0,0.0,3,0.0,0.0,0.0,0.0,0.0,3,0.0,0.0,0.0,0.0,0.0,3,0.0,0.0,0.0,0.0,0.0
underflow,4096,64,predictive,rankwise,3,3,3,0,3,64.0,64.0,64.0,64.0,64.0,3,119.39537048339844,119.40150451660156,119.42604064941406,119.45960998535156,119.46800231933594,3,0.27238398790359497,0.27238398790359497,0.27238398790359497,0.27566081285476685,0.2764800190925598,3,6.328351974487305,6.328793621063233,6.330560207366943,6.335320568084716,6.33651065826416,3,1.5255063772201538e-05,1.5255063772201538e-05,1.5255063772201538e-05,1.5255063772201538e-05,1.5255063772201538e-05,3,0.0,0.0,0.0,0.0,0.0,3,0.0,0.0,0.0,0.0,0.0,3,0.0,0.0,0.0,0.0,0.0,3,0.0,0.0,0.0,0.0,0.0
underflow,51200,1024,predictive,rankwise,3,3,3,0,3,50.0,50.0,50.0,50.0,50.0,3,63962.90234375,63962.930468750004,63963.04296875,63963.14921875,63963.17578125,3,13.913087844848633,13.926803016662598,13.981663703918457,14.057081031799317,14.075935363769531,3,234.81646728515625,234.82303771972659,234.8493194580078,234.86566467285158,234.8697509765625,3,0.00019073113799095154,0.00019073113799095157,0.00019073113799095154,0.00019073113799095154,0.00019073113799095154,3,0.0,0.0,0.0,0.0,0.0,3,0.0,0.0,0.0,0.0,0.0,3,0.0,0.0,0.0,0.0,0.0,3,0.0,0.0,0.0,0.0,0.0
underflow,512,64,predictive,rankwise,3,3,3,0,3,8.0,8.0,8.0,8.0,8.0,3,10.98646354675293,10.987468338012695,10.991487503051758,10.993228530883789,10.993663787841797,3,0.026623999699950218,0.026623999699950218,0.026623999699950218,0.02744319997727871,0.027648000046610832,3,0.05116800218820572,0.051180802285671234,0.051232002675533295,0.05276800245046616,0.05315200239419937,3,1.903623342514038e-06,1.903623342514038e-06,1.903623342514038e-06,1.903623342514038e-06,1.903623342514038e-06,3,0.0,0.0,0.0,0.0,0.0,3,0.0,0.0,0.0,0.0,0.0,3,0.0,0.0,0.0,0.0,0.0,3,0.0,0.0,0.0,0.0,0.0
underflow,61440,1024,predictive,rankwise,3,3,3,0,3,60.0,60.0,60.0,60.0,60.0,3,108084.1171875,108084.45312500001,108085.796875,108087.634375,108088.09375,3,16.0184326171875,16.070246887207034,16.277503967285156,16.428236389160155,16.465919494628906,3,407.7608337402344,407.7719177246094,407.8162536621094,407.83436889648436,407.8388977050781,3,0.00022887811064720154,0.00022887811064720157,0.00022887811064720154,0.00022887811064720154,0.00022887811064720154,3,0.0,0.0,0.0,0.0,0.0,3,0.0,0.0,0.0,0.0,0.0,3,0.0,0.0,0.0,0.0,0.0,3,0.0,0.0,0.0,0.0,0.0
underflow,8192,128,predictive,rankwise,3,3,3,0,3,64.0,64.0,64.0,64.0,64.0,3,415.8988037109375,415.9171997070313,415.99078369140625,416.02354736328124,416.03173828125,3,0.5683200359344482,0.5685248255729676,0.5693439841270447,0.5840896010398865,0.5877760052680969,3,15.745116233825684,15.745929336547853,15.749181747436523,15.75489158630371,15.756319046020508,3,3.0513852834701538e-05,3.0513852834701538e-05,3.0513852834701538e-05,3.0513852834701538e-05,3.0513852834701538e-05,3,0.0,0.0,0.0,0.0,0.0,3,0.0,0.0,0.0,0.0,0.0,3,0.0,0.0,0.0,0.0,0.0,3,0.0,0.0,0.0,0.0,0.0
wilkinson,1024,1,predictive,rankwise,1,1,0,0,1,1024.0,1024.0,1024.0,1024.0,1024.0,1,82.93096160888672,82.93096160888672,82.93096160888672,82.93096160888672,82.93096160888672,1,0.04198399931192398,0.04198399931192398,0.04198399931192398,0.04198399931192398,0.04198399931192398,1,12.166302680969238,12.166302680969238,12.166302680969238,12.166302680969238,12.166302680969238,1,3.269984763141685e+296,3.269984763141685e+296,3.269984763141685e+296,3.269984763141685e+296,3.269984763141685e+296,1,1033216.0,1033216.0,1033216.0,1033216.0,1033216.0,1,9905.0,9905.0,9905.0,9905.0,9905.0,1,985.0,985.0,985.0,985.0,985.0,1,0.0,0.0,0.0,0.0,0.0
wilkinson,256,1,predictive,rankwise,1,1,0,0,1,256.0,256.0,256.0,256.0,256.0,1,10.980315208435059,10.980315208435059,10.980315208435059,10.980315208435059,10.980315208435059,1,0.03276799991726875,0.03276799991726875,0.03276799991726875,0.03276799991726875,0.03276799991726875,1,1.841188669204712,1.841188669204712,1.841188669204712,1.841188669204712,1.841188669204712,1,2.1062458333711437e+65,2.1062458333711437e+65,2.1062458333711437e+65,2.1062458333711437e+65,2.1062458333711437e+65,1,61696.0,61696.0,61696.0,61696.0,61696.0,1,2225.0,2225.0,2225.0,2225.0,2225.0,1,217.0,217.0,217.0,217.0,217.0,1,0.0,0.0,0.0,0.0,0.0
wilkinson,512,1,predictive,rankwise,1,1,0,0,1,512.0,512.0,512.0,512.0,512.0,1,26.04450798034668,26.04450798034668,26.04450798034668,26.04450798034668,26.04450798034668,1,0.025600001215934753,0.025600001215934753,0.025600001215934753,0.025600001215934753,0.025600001215934753,1,3.5485281944274902,3.5485281944274902,3.5485281944274902,3.5485281944274902,3.5485281944274902,1,2.438866054934369e+142,2.438866054934369e+142,2.438866054934369e+142,2.438866054934369e+142,2.438866054934369e+142,1,254464.0,254464.0,254464.0,254464.0,254464.0,1,4785.0,4785.0,4785.0,4785.0,4785.0,1,473.0,473.0,473.0,473.0,473.0,1,0.0,0.0,0.0,0.0,0.0
